id,name,address,city,state,postal_code
--g-a85VwrdZJNf0R95GcQ,"Kabab House","3510 E Bell Rd, Ste 3",Phoenix,AZ,85032
-050d_XIor1NpCuWkbIVaQ,"Matt's Big Breakfast","801 N 1st St",Phoenix,AZ,85004
-0aIra_B6iALlfqAriBSYA,Tea2go,"5415 E High St, Ste 103",Phoenix,AZ,85054
-0tgMGl7D9B10YjSN2ujLA,Dubliner,"3841 E Thunderbird Rd, Ste 111",Phoenix,AZ,85032
-0WegMt6Cy966qlDKhu6jA,"Game Seven Grill","201 S 4th St",Phoenix,AZ,85034
-1UMR00eXtwaeh59pEiDjA,"Matt's Big Breakfast","3800 E Sky Harbor Blvd, Terminal 4, Gate B5",Phoenix,AZ,85034
-2isRNVb6PDuBagELL5EBw,"Taco Bell","3507 W. Peoria Ave.",Phoenix,AZ,85029
-8JaNeG3etLgOVyg2gOIiA,"La Fontanella Restaurant","4231 E Indian School Rd",Phoenix,AZ,85018
-9eNGMp8XiygI8t8QFuFWw,"The Melting Pot","3626 E Ray Rd",Phoenix,AZ,85044
-A9sm-E6uQxWTJ_MuyOzFw,"Zen 32","3160 E Camelback Rd",Phoenix,AZ,85016
-ayZoW_iNDsunYXX_0x1YQ,"Standard Restaurant Supply","2922 E McDowell Rd",Phoenix,AZ,85008
-Bdw-5H5C4AYSMGnAvmnzw,"Tuck Shop","2245 N 12th St",Phoenix,AZ,85006
-bMZCfTK7fxFaURynKpBMA,"Mariscos Playa Hermosa","1605 E Garfield St",Phoenix,AZ,85006
-Bo1rsE6Mfn0wdqnIj3GSA,"Taquizas Kabronis","15645 N 35th Ave",Phoenix,AZ,85053
-BxWyEIQ6wypT-37MzZizQ,"Carly's Bistro","128 E Roosevelt St",Phoenix,AZ,85004
-CNXJkqeJmLDvmTxGmOVww,"Circle K","2311 W Deer Valley Rd",Phoenix,AZ,85073
-d1xHUrLRbfJNqd5A_uP6A,"The Good Egg - Uptown","50 E Camelback Rd",Phoenix,AZ,85012
-dgUbX_lFqklJuf29A7piQ,"Matador Restaurant","125 E Adams St",Phoenix,AZ,85004
-DrDzpZaMrNnH55ZVyTXRQ,"Black Chile Mexican Grill","2502 E Camelback Rd",Phoenix,AZ,85016
-Du1WSRseqUXbCt_K-D-ww,"Cousins Subs","4801 E Washington St, Ste 1",Phoenix,AZ,85034
-DUbOEoenPbeJu35e9Ukrg,"99 Cents Only Stores","7830 N 12th St",Phoenix,AZ,85020
-exE739XC1NqZTJKjs83bg,"The Original Phoenix Greek Festival","1973 E Maryland Ave",Phoenix,AZ,85016
-Exy3mLCqzh-MMIqeuJ4Tg,"Jamba Juice","2370 West Happy Valley Rd, Ste 1065",Phoenix,AZ,85085
-e_UQJVTzIPweX4TcPUYVw,Mexx32,"3154 E Camelback Rd",Phoenix,AZ,85016
-fOJoTmq7O_3RmHDoVbXDQ,"Arcadia Premium","5618 E Thomas Rd, Ste 100",Phoenix,AZ,85018
-FveSBaantlFExq__ESLcw,"Grill Wrap Cafe","4804 E Chandler Blvd, Ste 108",Phoenix,AZ,85048
-FWhwGTP9YsV_5ONgdQ4hg,Ed's,,Phoenix,AZ,85004
-H1-IzxW6CXmjhmF5F6iMA,"Green Tea Chinese Restaurant","3961 E Chandler Blvd, Ste 100",Phoenix,AZ,85048
-HfeXGN4O83x8P4rZc-_kQ,Subway,"5127 W Indian School Rd",Phoenix,AZ,85031
-hn7E7b3VwRjwhNEDgmGIQ,"Two Hippies Breakfast Joint","4306 N 7th Ave",Phoenix,AZ,85013
-HO8ejDGgvj_Guw3R6lH1g,"Peter Piper Pizza","4024 N 67th Ave",Phoenix,AZ,85033
-hq09PjRpGcx4XXhrqh5xw,"Touch Of Thai","16816 N 35th Ave",Phoenix,AZ,85053
-Ht7HiGBox8lS1Y8IPjO8g,"Switch Restaurant & Wine Bar","2603 N Central Ave",Phoenix,AZ,85004
-IgpK9WT_m5vzjK8jScEOg,"Donut Central","5835 S Central Ave",Phoenix,AZ,85040
-ITj6Pu8Gdw8MmLf0XBEKQ,"Sushi Station","20910 N Tatum Blvd, Ste 150",Phoenix,AZ,85050
-Iu6EwsbZQZY8HTBN853Iw,Subway,"6805 N 19th Ave",Phoenix,AZ,85015
-i_WVm2yfuY0lS0zpEl9ZA,"Thai Elephant","20 W Adams St",Phoenix,AZ,85003
-J-d5x84RuyLNiUzOhO_6A,"Dairy Queen","4140 E Thomas Rd",Phoenix,AZ,85018
-jghjupgk9DVw5M-dCr3mw,"Ramiros Mexican Food","3329 E Bell Rd",Phoenix,AZ,85032
-jKBFjNTbiafSdunQy6dlQ,"Mandarin Super Buffet","1501 W Bethany Home Rd",Phoenix,AZ,85015
-jKhfsXol4FxbRjK8aUsLA,"Little Caesars Pizza","1615 W Camelback Rd, Ste 108",Phoenix,AZ,85015
-JwSuDqyFILFJmVpjrVbwA,"Half Moon Sports Grill","288 E Greenway Pkwy, Ste 103",Phoenix,AZ,85022
-K3kqmykKlhlB4arCsLHOw,"Bawarchi Indian Cuisine","3607 E Bell Rd, Ste 6",Phoenix,AZ,85032
-kHQWsdlHfASvHCj59dzGA,"Del Taco","1802 W Union Hills Dr",Phoenix,AZ,85027
-KIdCJnkt5N8rnnmWR5MQg,Corleone's,"1640 E Camelback Rd, Ste 140",Phoenix,AZ,85016
-kIscN8I29eXMPkvyyxmRQ,"Zookz Sandwiches","100 E Camelback Rd",Phoenix,AZ,85012
-l81X9FkKSpo6sMtDioMQA,"Vino 100","30835 N Cave Creek Rd",Phoenix,AZ,85331
-L9JOKcJw81Rxy5n03yqZw,Walgreens,"4249 W Glendale Ave",Phoenix,AZ,85051
-lrxtiCaTdCJ9h7uMndsUQ,"Stacy's Pit Stop BBQ","8510 N 7th St",Phoenix,AZ,85020
-LVpf-mKjrWT51JgCY3gRQ,"McAlister's Deli","12847 N Tatum Blvd",Phoenix,AZ,85032
-Ma5JqzuI_3xIAtpNJfQ2g,"Krachai Thai Kitchen","3361 W Greenway Rd",Phoenix,AZ,85053
-mjUxlW8Lyyq0t3GWvD3EA,McDonald's,"223 N 7th Ave",Phoenix,AZ,85007
-N3qRemt9OsTwWcIeiJUmw,"Circle K Stores","302 N 52nd St",Phoenix,AZ,85008
-o0xWAEO-C2oqlyt9TO8qg,"McCormick & Schmicks Seafood Restaurant","2575 E Camelback Rd, Ste 175",Phoenix,AZ,85016
-oOKqZbYDt08zaWWyLZNIw,Yan's,"9140 W Thomas Rd, Ste B103",Phoenix,AZ,85037
-ot4Xd6GxSUOqwUj7okZuA,"Lucky's Burgers & Shakes","13849 N 19th Ave",Phoenix,AZ,85023
-OuTv9a9_MabQjyiZx2Stw,"Filiberto's Mexican Food","4701-5049 W Roosevelt St",Phoenix,AZ,85043
-ouvCdkuZJgHixwyAhB8Nw,"Pete's Fish & Chips","3920 S Central Ave",Phoenix,AZ,85040
-PJgh1XoQBMnnSgg6MhmMA,"Hong Kong Chinese Cuisine","1920 W Thunderbird Rd",Phoenix,AZ,85023
-qbYIpY84C9xBWc9g5rl5g,Denny's,"2801 No Black Cyn",Phoenix,AZ,85009
-QIQLK8RR6rl7v19cAQQHg,"Capriotti's Sandwich Shop","4929 E. Chandler Blvd",Phoenix,AZ,85048
-raUM9T-1dKPiB5_vRmFYA,"Luke's of Chicago's","1602 E Indian School Rd",Phoenix,AZ,85016
-rCIoxp7pqN3xY7E3-v56Q,"Arriba Mexican Grill","4649 E Chandler Blvd",Phoenix,AZ,85048
-rhH9sL3XGFpoJXcxUpEWA,Zinburger,"2502 E Camelback Rd, Ste 127",Phoenix,AZ,85016
-RxkfrFaOLpE6Be3zGfsVg,Starbucks,"Phoenix City Hall, 200 W Washington St",Phoenix,AZ,85003
-RYIKWBSTaJ21B2UMyzI-Q,"Mellow Mushroom","14205 S 50th St",Phoenix,AZ,85044
-SG4FFB4DgZO_t_WImkvJQ,"Whoopie Baking Company","2502 E Camelback Rd",Phoenix,AZ,85016
-TVXOYL6kvKP1uW6ND9PIg,Whataburger,"1840 S 19th Ave",Phoenix,AZ,85009
-TWZ4-AM76pUxPIt47mInw,"Ketzal Mexican Grill","20910 N Tatum Blvd",Phoenix,AZ,85050
-u0rjFgBL33tgSl-zTn85g,"Chi Chi's Tacos",,Phoenix,AZ,85013
-uLahVqWDgEyNHi8Voui5Q,"Hot Rod Grill","4433 N 16th St",Phoenix,AZ,85016
-uYAkAplo7a4WM7c6lDrWQ,"Rosati's Pizza","602 W Union Hills Dr, Ste 1",Phoenix,AZ,85027
-vhMpPLW6Epcwd47gldrjA,"QT 421","19990 N 19th Ave",Phoenix,AZ,85027
-voRkfS42YKYsrJ9DV0FxQ,"Panda Express","2434 E Baseline Rd, Ste 101",Phoenix,AZ,85042
-Vs9ztcMA9IVCaV8bN_EOA,"Balkan Bakery","1618 E Bell Rd, Ste 106",Phoenix,AZ,85022
-VSljIWGLlAJoKDqxazDIg,"Antigua Bakery","3605 W Camelback Rd",Phoenix,AZ,85019
-wcyWzSRk0KtYNzrMrLXHQ,"Arizona Frybread","16816 N Cave Creek Rd",Phoenix,AZ,85032
-weah7G6XZrdmE_0scCyig,"Chuy's Mesquite Broiler","3222 E Indian School Rd",Phoenix,AZ,85018
-WjQWbAIGyJE4vYJYUZjSQ,"Little Jamaica","5815 S 16th St",Phoenix,AZ,85042
-X9QS8l7u5R3CswmfZtn-Q,"Valley Vietnamese food","4568 E Cactus Rd",Phoenix,AZ,85032
-Y9woV5m-KaTzu9VpirYyg,"Sapna Café","1301 NW Grand Ave",Phoenix,AZ,85007
-YGePLsJ2pYccR3oaeCSAw,Lafitte's,"2577 W Greenway Rd",Phoenix,AZ,85023
-yQHIYKXH3HAdhh1W52OMQ,"Short Leash Hotdogs & Rollover Doughnuts","110 E Roosevelt St",Phoenix,AZ,85004
-YR7K3rw6VAQ1-MjslvsoQ,"Eastwind Sushi & Grill","13637 N Tatum Blvd",Phoenix,AZ,85032
-YVwkl4DBH1gnxxsJtxELg,Subway,"5020 N 35th Ave",Phoenix,AZ,85017
-ZBfr1BHvArFp1d6XH8jOQ,"Rocket Burger & Subs","12038 N 35th Ave",Phoenix,AZ,85029
-zhywnaBiGRNcr6kbDagBQ,"Taqueria Don Pancho","6710 W Indian School Rd",Phoenix,AZ,85033
-zRDLAmg2h9uKpNY0OYdVQ,"Burrito Bandito","18631 N 19th Ave, Ste 100",Phoenix,AZ,85027
-_hk47bgWLbX0SfvBUkoPQ,"Souper Salad","10005 N Metro Pkwy",Phoenix,AZ,85051
0-CXwwVL-u0tc0FOuSExWQ,"Press Coffee Food & Wine","Terminal 4 Gate B9",Phoenix,AZ,85034
01cFftHZc98jNJfJrLEJ5g,"Hookmeup Gourmet Sandwiches","15425 S 48th St, Ste 116",Phoenix,AZ,85044
01Gav7vnilRwSVm3WwkAtA,"The Brickhouse","1 E Jackson St",Phoenix,AZ,85004
01xXe2m_z048W5gcBFpoJA,"Five Guys","2641 N 44th St, Ste 100",Phoenix,AZ,85008
02eESJZNF3qigrJ3GNRgIQ,"Taqueria Yaqui","3516 E McDowell Rd",Phoenix,AZ,85008
02EYqwh47uVxOaOKrnx8SQ,"Indian Delhi Palace","5104 East McDowell Rd",Phoenix,AZ,85008
02GctEso08hyhQpkqOftsw,"Muffin But The Best Cafe","15414 N 19th Ave, Ste C",Phoenix,AZ,85023
02ooNKJDjsE50KfmL0Rqdw,KFC,"2436 East Indian School Road",Phoenix,AZ,85016
02zH3RnRvBWfMoBUqtzfsg,"Yo Mama's Good Cook'n","5037 S 24th St",Phoenix,AZ,85040
03eJ6dfI2P5T-ADdsNpHZg,"Sandra Dee's Catering,LLC","344 N Gilbert Rd",Phoenix,AZ,85234
042IHd5KjHiMuBtGtugO_g,"OHSO Brewery - Paradise Valley","10810 N Tatum Blvd, Ste 126",Phoenix,AZ,85028
04Iq42i8lm50Lvdj1j3DCQ,Gretalian,"5341 N 7th Ave",Phoenix,AZ,85013
06-CFHS1kbVMMxCP6koctw,"Circle K","8955 N 19th Ave",Phoenix,AZ,85021
06lCNuSrCnaU6eq0EV4PYg,"Province Urban Kitchen & Bar","333 N Central Ave",Phoenix,AZ,85004
06PiQOUehVOYtDcZRWrA5A,"Little Caesars","3434 W Greenway Rd, Unit 128",Phoenix,AZ,85053
079CV1EE5WLdQqVEVYFeHQ,"The Prime Chinese Restaurant","24 W Camelback Rd, Ste H",Phoenix,AZ,85013
0859wfd1BQHG46Zpwhc0ZQ,"Oven + Vine","14 W Vernon Ave",Phoenix,AZ,85003
08_PxnpSJO4Rxt05EYaAxg,"D'licious Dishes","5345 N 7th Ave",Phoenix,AZ,85013
09LYxY5D4GcKc0Tvs4K_gw,"Press Coffee","1616 N Central Ave, Ste 102",Phoenix,AZ,85004
0AJF-USLN6K5T4caooDdjw,Starbucks,"4605 E Chandler Blvd, Ste A",Phoenix,AZ,85048
0APoSOeTTSLl5QXZWBlFxQ,QuikTrip,"2836 N 27th Ave",Phoenix,AZ,85009
0BaMoKDVNv-MP84BQ9EK9A,"Jack In the Box","8225 W Camelback Rd",Phoenix,AZ,85033
0Buxoc0cRqjpvkezo3bqog,"Nobuo At Teeter House","622 E Adams St",Phoenix,AZ,85004
0B_aEPeZjrXs6T7vS3arrA,"Sophie's French Bistro","2320 E Osborn Rd",Phoenix,AZ,85016
0CElIQnJdQYF2bmsAiWczg,"Luci's at the Orchard","7100 N 12th St, Bldg Two",Phoenix,AZ,85020
0cjSdDntuRKGqt5ek_QzCA,"Hi-Health Supermart - Deer Valley Center","4261 W Thunderbird Rd",Phoenix,AZ,85023
0CZ4opKkec9yAS8qmXoWdA,"Ric's Smokehouse BBQ & Grill","1930 W Pinnacle Peak Rd, Ste 119",Phoenix,AZ,85027
0dEUND3rVLjp50rczLIaeA,twenty6,"JW Marriott Desert Ridge, 5350 E. Marriott Drive",Phoenix,AZ,85054
0h5yI6np7weAVH0jsjHqPw,"Humble Pie","3964 E Sky Harbor Blvd",Phoenix,AZ,85034
0hp3WtPSxvmJVk3BNTfhHQ,McDonald's,"3323 N 24th St",Phoenix,AZ,85016
0HRNeFrQt31b-lD9kVdHog,"Golden China","10720 W Indian School Rd",Phoenix,AZ,85037
0HwrX6P6lh92F0f-A_QzjA,"Sam's Cafe","2566 E Camelback Rd, Ste 201",Phoenix,AZ,85016
0jaD7X39dXE8DxJYIaxSDg,"Tropical Smoothie Cafe","2815 W Peoria Ave, Ste 116",Phoenix,AZ,85029
0jDvRJS-z9zdMgOUXgr6rA,Sunfare,"811 W Deer Valley Rd",Phoenix,AZ,85027
0kD9yJIB2cmvOh8-WbcO_w,"Poki Bar Central","2836 E Indian School Rd, Ste A-1",Phoenix,AZ,85016
0KpoeCt1E-SQsUBwtjLAEw,"Athens Pita & Greek Grill","3 S 2nd St, Ste 107",Phoenix,AZ,85004
0LhYg3iOF9IU2Ut8IL84TQ,"MATCH Restaurant & Cocktails","1100 N Central Ave",Phoenix,AZ,85003
0LmDg_Y6Ht3zFqtvmLhp6g,"Cornish Pasty Company","7 W Monroe St",Phoenix,AZ,85003
0lSeS_GwMP6x57_Eu2pkfw,"One Stop Nutrition","4115 N 44th St",Phoenix,AZ,85018
0Mp_0j2dfMXE6l-3Raqorg,"Taco Bell","3517 W Glendale Ave",Phoenix,AZ,85051
0MVUQtakauK3qKqfIcQWiQ,Wingettes,"15840 N 32nd  St",Phoenix,AZ,85032
0N2y8rNxbet6p4UIBWTOrw,"King Gyros","4243 W Thunderbird Rd",Phoenix,AZ,85053
0N98aH5-d3JWorzd3ivXiA,"Sassy Cakes By Nina","5810 N 16th St",Phoenix,AZ,85016
0npO65UyjyjM0ZjKawvTbw,"Sprouts Farmers Market","245 E Bell Rd, Ste 15",Phoenix,AZ,85022
0obhg2Jv22z6Mkvl3zGaiQ,"Nino's Greek Cafe","3102 N 16th St",Phoenix,AZ,85016
0oOTrzxhO3FxHqmeZuC3mw,"Pastries N Chaat","3539 West Bell Rd",Phoenix,AZ,85053
0oZJ19F7KebXTu8auQvZrA,"Domino's Pizza","1850 W Indian School Rd",Phoenix,AZ,85015
0PFaDqDinxlLhGk4D522AA,"De La Ana European Delicatessen Store","7828 N 19th Ave, Ste 5",Phoenix,AZ,85021
0PjS72Gpftbndc_56QYtUg,"Pasteles Mary","8847 N 7th Ave, Ste 5",Phoenix,AZ,85021
0PMKMyfX1j7Nc4esk1RaMg,"Humble Pie","21050 N Tatum Blvd",Phoenix,AZ,85050
0q8A_jB8ft7vExBQpxL2lg,"The Willow House","1722 W Van Buren St",Phoenix,AZ,85007
0QBFtNNj9RIggZGeivcbEg,"Plaza Bonita","2815 W Carefree Hwy",Phoenix,AZ,85085
0rjU_WK5HxoH1fIuEpTpcg,"Zesty Zzeeks Pizza and Wings","4825 E Warner Rd",Phoenix,AZ,85044
0Ryxx6uSpt4TOKYVGBekLQ,"Black Angus Steakhouse","10021 Metro Pkwy E",Phoenix,AZ,85051
0S3x-ERLaR-ce1sJtS_OUA,"Koreana BBQ","4550 E Cactus Rd",Phoenix,AZ,85032
0SCSJHcu7UDYnmcK8BgB_Q,Frys,"2626 S 83rd Ave",Phoenix,AZ,85043
0sojfj-hw2WeXjkFwG-bVA,"Loose Leaf Tea Market","4773 N 20th St",Phoenix,AZ,85016
0U0odWV4aGw2k-bIUKhO2w,"Ewn's 2","2010 E Broadway Rd",Phoenix,AZ,85040
0URIvKxCNT-AVgtdYFAX8w,"Harley's Italian Bistro","4221 N 7th Ave",Phoenix,AZ,85013
0V18KwdtfsdrIu9xyO4GLg,"Thai Delight","4645 E Chandler Blvd, Ste 106",Phoenix,AZ,85048
0vJmCY2P5rc37jSMz7Nz3Q,"The Steamed Tamale","1750 W Van Buren St",Phoenix,AZ,85007
0wKOp9CBQbiByRn8Qp7NIg,"Veterinary Neurological Center","4202 E Raymond St",Phoenix,AZ,85040
0Wysm_99sHXrftxGZrJc3Q,Sinaloa,"2601 E Bell Rd",Phoenix,AZ,85032
0X4D58d_nShvVeN5FeYiHA,"Oscar's Pizza","21043 N Cave Creek Rd",Phoenix,AZ,85024
0XMOCF8omuTYfhkNRz1xMw,Arby's,"119 E Baseline Rd",Phoenix,AZ,85042
0yHY4FHCTOIshPiPc9EYBQ,Smashburger,"3400 E Sky Harbor Blvd",Phoenix,AZ,85034
0z0dDToJ-dmoTRoP8_Zw9w,"Arizona Microgreens","3146 E Wier Ave",Phoenix,AZ,85040
0zr7FB0nnZXJmwb94yTbJQ,"Cafe 1010","1010 W Washington St",Phoenix,AZ,85007
0_Yc6blfiI9A6Q8bKjYLSQ,"Taco Bell","2660 W Thunderbird Rd",Phoenix,AZ,85023
1-L3RfFTq4tA0kl73K1l0g,"MAD Greens - Central Ave & Camelback","5120 North Central Ave, Ste 2",Phoenix,AZ,85012
10d6PDujQkQmrvQMK6V0xA,7-Eleven,"3201 E Shea Blvd",Phoenix,AZ,85028
10Ft6GZPvoZyRWi1bVo3Rw,Subway,"1855 W Greenway Rd, Ste 125",Phoenix,AZ,85023
12JsTr2m9Y66nGvTB6Knqw,"Circle K","309 E Osborn Rd",Phoenix,AZ,85012
14O6gNqpd3bcnIAHPFT58g,"Salute Ristorante Italiano","13226 N 7th St",Phoenix,AZ,85022
16fgi4_LNRlPGcpL1ObNww,"Q Up Barbeque",,Phoenix,AZ,85005
17K0u4eyrm5rZBo5FybQtA,"Azool Grill","3134 W Carefree Hwy",Phoenix,AZ,85086
18FDlJmk4d4UnMir8KbYjg,Walgreens,"3434 W Southern Ave",Phoenix,AZ,85041
19f_Hyq38r6ycACRw-JG6w,"Lydia's La Canasta Mexican Food","2501 W Van Buren St",Phoenix,AZ,85009
19LQmaLOi22V5RrI3eB5lA,"Pho Binh Minh","4141 N 35th Ave, Ste 11",Phoenix,AZ,85017
19RFEJnuHCo03LsHzKiJcg,"Bakery By Chef Tom","5835 W Plamaire Ave, Ste E",Phoenix,AZ,85301
1AYcrBPjJdwcYUivLj8lDg,"Two Hippies Pizza and Burger Joint","4034 N 24th St",Phoenix,AZ,85016
1b8d2CqGcfF3Hz0vixQSUQ,"Taqueria Tepehuaje","4602 S Central",Phoenix,AZ,85041
1buqH6E5R2jPOrTQDF6sFQ,"Jack-In-the Box","3455 W McDowell Rd",Phoenix,AZ,85009
1bxJcRAF-2wDY-QbiTCqPQ,"Mariscos Vuelve a La Vida","1602 E Roosevelt St",Phoenix,AZ,85006
1C2SZ3IljVQj1tJim1wCVg,"Hamburger Yumi Yum","12TH St And Indian School",Phoenix,AZ,85006
1C7mPT-9mFihyZq8-qLxgw,"Ichi Ban Japanese Restaurant & Sushi","2815 N Central Ave",Phoenix,AZ,85004
1cl8ti5S8cJLHGetUe_s6w,"Bubba Phatz","610 E Roosevelt St",Phoenix,AZ,85004
1CONjsPUXzIqAvhD57U4dg,"Food City","845 W Southern Ave",Phoenix,AZ,85041
1CqDdPrrb0xvQpgu7fhI5w,"P.F. Chang's","2420 W Happy Valley Rd",Phoenix,AZ,85085
1DdkhCSmKDgFmilXS9SZEA,"El Pacifico Restaurante Y Pescaderia","3311 N 16th St",Phoenix,AZ,85016
1Dfx3zM-rW4n-31KeC8sJg,"Taco Bell","2450 E Indian School Rd",Phoenix,AZ,85016
1Ds8V2c7LlwSAA3O-9f4cA,McDonald's,"1850 S 7th St",Phoenix,AZ,85004
1DswS8btQKkWFyTUZlcgCQ,"Taco Bell","34906 N Valley Parkway",Phoenix,AZ,85086
1dX0u7zsjizDvatHEutHdQ,"Lenny's Burger","2545 W Glendale Ave",Phoenix,AZ,85051
1E1Qp9HWSZmqruir3sTeKw,"The Greek Pita","2737 W Thunderbird Rd, Ste 108",Phoenix,AZ,85053
1e6Xtmd4BetTnsoRCK3J5g,"Peets Coffee And Tea","Sky Harbor International Airport",Phoenix,AZ,85034
1ePxLE7eU4kRoags_ytAAg,"Qdoba Mexican Grill","12005 N Tatum Blvd, Ste 109",Phoenix,AZ,85028
1F4T9e6bRFwL11wnNxW4Ng,"Panda Express","3923 E Thomas Rd",Phoenix,AZ,85018
1fX9x47Xm6vIr8sHxQHdsw,"Zen Zen Yogurt","4340 E Indian School Rd, Ste 19",Phoenix,AZ,85018
1f_-jV4oJsiNSgpy8SaF8g,"The Nile Cafe","610 E Roosevelt St",Phoenix,AZ,85004
1GoI8TV5ngDEqoTmDK6Iow,"Ajo Al's Mexican Cafe","5101 N 16th St",Phoenix,AZ,85016
1GWJWh9WGytmkXKdkXx6Hw,Subway,"2835 N 16th St, Ste 5",Phoenix,AZ,85006
1hK-B5OL7KGemWYiHOCN4g,Starbucks,"8021 N 35th Ave",Phoenix,AZ,85051
1hrX1vHaUgllWH6i876oAw,"Mariachi Estrellas Del Pacífico",,Phoenix,AZ,85001
1jaJZ539aulplpOA9xAClg,"Berto's Gelato & Sorbet","2425 W Utopia Rd",Phoenix,AZ,85027
1jasd5ZhHsS8CLGv34YEow,"7th Heaven Eatery","2501 E Camelback Rd",Phoenix,AZ,85016
1JF9TbJ2d5hH8xsQvvklHg,"Irma's Kitchen","906 N 15th Ave",Phoenix,AZ,85007
1JmSxEQZQn1AitoNHxvHBQ,"Dairy Queen","4751 E Warner Rd",Phoenix,AZ,85044
1JpfQCgLnmz6VU00O1XIPw,"Hava Java","3166 E Camelback Rd",Phoenix,AZ,85016
1k53JbU9dNU0NvyBYKLhNw,"Souper Salad","4605 E Cactus Rd",Phoenix,AZ,85032
1kDS1homhHy0gr5N95oGzw,"The Purple Turtle","4105 N 51st Ave, Ste 157",Phoenix,AZ,85031
1ku0t5u7dCAE0g-pZDQdAw,"In-N-Out Burger","4840 N 20th St",Phoenix,AZ,85016
1l5gk5IN82olKq48NsOqGg,"Noble Bread","4525 N 24th St",Phoenix,AZ,85016
1lAV0CZdveG9tYlZZfWjCA,"Krispy Kreme Doughnuts","3201 W Indian School",Phoenix,AZ,85017
1LdvubOnn7Uf_xDpc5JcMA,"Indian Paradise","1546 W Bell Rd",Phoenix,AZ,85023
1LM9PRDlmBpIgBKdAAWIZA,"Coney Island Grill","16 W Adams St",Phoenix,AZ,85003
1mkDrJRu3VABKy95gxD-Hg,"Charlie D's Catfish & Chicken","1153 E Jefferson St",Phoenix,AZ,85034
1muT5zEqoC4qp9ms08qJtQ,"Gino's East","3626 E Indian School Rd",Phoenix,AZ,85018
1N6_FgS6nq5eT_3x4MXm4A,"Water N Ice","4212 W Cactus Rd, Ste 1114",Phoenix,AZ,85029
1NWilE6_WLy5jgsr6cZG1Q,"Circle K","966 E Van Buren St",Phoenix,AZ,85034
1ofuWPYnHDp01c11BQog9w,"Pizza Hut","3602 W Camelback Rd",Phoenix,AZ,85019
1PnhX9SNMX71LPFD7-IqXg,"Country Boys Restaurant #110","3508 W Cactus Rd",Phoenix,AZ,85029
1Q_VjzXaq8Ad4rvSVOWpcg,"Mimi's Cafe","4901 E Ray Rd",Phoenix,AZ,85044
1r9lpt5r9l4uJxLLyt6QBw,McDonald's,"2845 W Thunderbird Rd",Phoenix,AZ,85053
1r9xmPVZqsiTNQr_FAcs8w,"Mary Coyle Ol' Fashion Ice Cream","5823 N 7th St",Phoenix,AZ,85014
1rbb8ntTOpSolQv60CGcsQ,"Ming's Pagoda","12019 N 19th Ave",Phoenix,AZ,85029
1rebduwtmrHQhl32djRS7A,"McGurkee's Italian Kitchen","2822 N 15th Ave",Phoenix,AZ,85007
1s28O8UuTAmJb5IDz3MY3w,"La Huasteca Mexican Foods","3517 W Camelback Rd",Phoenix,AZ,85019
1SlvPOQ39vZa9vyeOTiAUA,"Aya & Peilas","1750 W Van Buren St",Phoenix,AZ,85007
1Tj0HSSnPgHOj1alfcoXlQ,Starbucks,"4340 E Indian School Rd, Ste 3",Phoenix,AZ,85073
1VQJyXwDakcHa-RZUCUe9w,Starbucks,"20216 N 27th Ave",Phoenix,AZ,85027
1WBkAuQg81kokZIPMpn9Zg,"Charr An American Burger Bar","777 E Thunderbird Rd, Ste 107",Phoenix,AZ,85022
1wBKFqiR3vN4-6lmwBGXAQ,"DJ's Fish and Chips","6260 S 35th Ave",Phoenix,AZ,85041
1YBpnyR_VlJNjrUzNVXYDQ,"Mr Submarine","3306 N 24th St",Phoenix,AZ,85016
1Yk-GnszDT9g1E1jnD1sIw,"Mr Leno","8430 W McDowell Rd",Phoenix,AZ,85037
1ytwQT_hlhoxvgDzts4Osg,"Panera Bread","21001 N Tatum Blvd",Phoenix,AZ,85050
1Z5nhQhFNtc5bmzgeaxFAQ,"Dutch Bros Coffee","1201 E Glendale Ave",Phoenix,AZ,85020
1zH3_Agw8CTgSmKgg4JNmg,"Yasda Bento","18 W Adams St",Phoenix,AZ,85003
1ZUszwN0CVPMcLuGe0UAMg,"Frys Marketplace","1311 E Bell Rd",Phoenix,AZ,85022
1_vpfu3RxcnX5z54vmnOMg,"Hamburger Haven","507 W Thomas Rd",Phoenix,AZ,85013
1_XieTGcu829D7eN_cHiow,"Villa Deli","15610 N 35th Ave",Phoenix,AZ,85053
2-_HV0XUYK64OylB5J4i6A,"MOD Pizza","4025 E Chandler Blvd, Ste 74",Phoenix,AZ,85048
21-o20t8YPSXrryoNBIq6Q,"Craft Beer Hop Stop","717 W Union Hills Dr",Phoenix,AZ,85027
22nrsY44lxUMaByDUuLSGw,"Safeway Food & Drug","3450 W Bell Rd",Phoenix,AZ,85053
24IRm_qaeKN5gFVdPb_s8g,"Taco Bell","7449 W Indian School Rd",Phoenix,AZ,85033
24MgaUT4TWO3_kZQlBu8sw,"Chipotle Mexican Grill","21001 N Tatum Blvd, Ste 18-1100",Phoenix,AZ,85050
24Td_CQH1bonWKff1rt2vg,"Matt's Big Breakfast","3118 E Camelback Rd",Phoenix,AZ,85016
25c15dEPrBrWr4tR1r6sTg,Takamatsu,"4214 W Dunlap Ave",Phoenix,AZ,85051
25PtpM0IfG_2IIQWCj-n5Q,Starbucks,"4724 N 20th St",Phoenix,AZ,85016
25qudn87oiNYg8jnoi4d1A,"Red Brick Pizza","2170 E Baseline Rd, Ste 134",Phoenix,AZ,85042
2a2E-Ev1TLw8PP_2auwuIg,"Mad Chef Gastropub","3941 E Chandler Blvd",Phoenix,AZ,85048
2ADoawEfSAZpnQSwVEo5Ig,"Sonic Drive-In","17238 N 19th Ave",Phoenix,AZ,85023
2aNbZrFzXBzSirexFDrs5A,"Circle K","1007 N 7th St",Phoenix,AZ,85006
2anooSIsfz_h3yVcsEz5Bw,"Fresh & Easy","1960 West Baseline Rd",Phoenix,AZ,85041
2bXyG9i01EjS9ttdnXToDw,"T-Bone Steakhouse","10037 S 19th Ave",Phoenix,AZ,85041
2cnkFsZCMp2iVEzrkj2QAw,"Church's Chicken","2242 E Broadway Rd",Phoenix,AZ,85040
2D9HYhj-psnzFEEybFNljQ,Zwirl,"4905 E Ray Rd",Phoenix,AZ,85044
2DkHpKLssE4GsIeWMAz97Q,"The Velvet Buttercream",,Phoenix,AZ,85013
2DmTw0k3bcXuHdAyxO_bkw,"Tryst Cafe","21050 N Tatum Blvd",Phoenix,AZ,85050
2DUdvdQE8FOxCHHp59HHzw,"Bertha's Café","3134 E Indian School Rd",Phoenix,AZ,85018
2eWOFDYAfYdFIyxZEEcnAw,Starbucks,"650 E Osborn Rd",Phoenix,AZ,85013
2F0RzCAek1z-ATKV1tl6DA,"Sweet Life Gelateria","7000 E Mayo Blvd, Ste 1076",Phoenix,AZ,85054
2F2xrnxCJ_WdXfWGxJcn_g,"Little Caesars","3202 E Greenway Rd",Phoenix,AZ,85032
2FfZUyA82YhQCjWNiqDCzQ,"Lenny's Burger Shop","2825 N Central Ave",Phoenix,AZ,85012
2fY8CEOjXUkIBz3cgXZJQQ,"Jack in the Box","620 E Buckeye Rd",Phoenix,AZ,85004
2G0HygTn-dihzj49cqHygQ,"Big Boy Ice Cream","1620 W Grant St",Phoenix,AZ,85007
2g4ZTD3ePNSbDAvh6qAOKQ,"Los Reyes De La Torta","9230 N 7th St",Phoenix,AZ,85020
2G8YLx7J8du260jFNjIjZQ,"Gorditas El Tio","3202 E Greenway Rd",Phoenix,AZ,85032
2GEr8-FpENQQPdmCrIWMYw,"Funky Food Shack","1722 W Vanburen",Phoenix,AZ,85007
2gI7dlktBQXPZiuOW-HWvw,"Li's Bowl","6260 S 35th Ave",Phoenix,AZ,85041
2GryItAj3e0uOQ5m42-wDg,"Mayuri Palace","2410 W Bell Rd",Phoenix,AZ,85023
2GtIC6u4hVneccWfTlOxHQ,"Hong Kong Gourmet Buffet","4909 E Chandler Blvd",Phoenix,AZ,85048
2gzB4EE7B_QEFWZtJTG4dA,Stella,"3160 E Camelback Rd",Phoenix,AZ,85016
2IHmggMLM-hDq4dFmwgzDw,"Streets of New York","16838 N 7th St",Phoenix,AZ,85022
2iLeiQ4OCJVwfodR9egMag,"Lucky Strike","50 W Jefferson St, Ste 240",Phoenix,AZ,85003
2JUDgnmoLDxD97gqmand9Q,"Chipotle Mexican Grill","1660 E Camelback Rd, Ste 185",Phoenix,AZ,85016
2JV0xGXsszojof2BuEt_hw,Gallagher's,"751 E Union Hls Dr",Phoenix,AZ,85024
2jx_SaBzvIdIwul4JoY9IA,"China Restaurant","4709 E Southern Ave",Phoenix,AZ,85042
2KIlQsIHwYMkuwA0T4OKrw,"Pizza Hut","8225 W Indian School Rd, Ste 1",Phoenix,AZ,85033
2kpbPYMjEbi-VIJ5mAOX0w,"Bon Appetit Restaurant","6037 N 7th St",Phoenix,AZ,85014
2mg19CtQH8ClaFCHf71x5A,"Hidden Track Café","111 W Monroe St, Ste 121",Phoenix,AZ,85003
2NiBvT5zL272IRcxru_x9A,"La Bocca Wine Bar & Urban Kitchen","5415 E High St, Ste 127",Phoenix,AZ,85054
2OKh-3ToognFAccCFAFJVg,"Brennan's Pub & Grub","3510 E Bell Rd",Phoenix,AZ,85032
2OkYkQRItlqbKw9Mz7flCA,"Julio G's Tatum","12631 N Tatum Blvd",Phoenix,AZ,85032
2oQuTgkhY7QlVdfMa8cHgA,"The Cupcake Cafe",,Phoenix,AZ,85016
2O_ec-By_tho2KeXvcnBuQ,"Mama Java's Coffee House","3619 E Indian School Rd",Phoenix,AZ,85018
2p346MdyPISpZ2k-h0GSqg,"Flaming Wok","7611 W Thomas Rd",Phoenix,AZ,85033
2QcPbyRAw79poY9OKP3hfg,"Tu DO Restaurant","7828 N 19th Ave, Ste 6",Phoenix,AZ,85021
2RuvkPdXF_PZI9UT0YfM1w,"Great American Grill","3422 E Elwood St",Phoenix,AZ,85040
2S64Zn7PJrucwsCf_nK4fw,"General Nutrition Center","3941 E Chandler Blvd",Phoenix,AZ,85048
2SHu52w_w4Z4ACq-vx3a-Q,Chili's,"2612 N 75th Ave",Phoenix,AZ,85035
2skQeu3C36VCiB653MIfrw,"Bootleggers Modern American Smokehouse","3375 E Shea Blvd",Phoenix,AZ,85028
2taEpRhS7uh7xGZIiLI73g,"Circle K","2402 E Mcdowell Rd",Phoenix,AZ,85008
2tC8oReqFUT0_uVQ3kHePA,Überrito,"4912 E Shea Blvd, Ste 108",Phoenix,AZ,85028
2teTh-s_j_5JxXdn70T8XA,Safeway,"810 E Glendale Ave",Phoenix,AZ,85020
2tF3AmIq2Ok49WrdjGeUQA,"Slice Cake Design","N 7th St",Phoenix,AZ,85006
2TZl160uaMAg1cr8KFbk8Q,"Machete Azteca Estilo DF","6709 W Indian School Rd",Phoenix,AZ,85033
2v-8QQfMLX2PCz-0S6gISQ,"Papa John's Pizza","3441 W Northern Ave",Phoenix,AZ,85051
2vu5RPLxvAqY0PK5olT7QQ,"Five Guys","16900 N Tatum Blvd, Ste 100",Phoenix,AZ,85032
2VwwQup4Ko6tyDQeSYjC5Q,"Circle K","701 E Bethany Home Rd",Phoenix,AZ,85014
2W7ATgSmo2hnTM3e8081VA,"The Lobby Grill","8000 S Arizona Grand Pkwy",Phoenix,AZ,85044
2WErPL5DZKuYpQDRjC49nw,"Golden Panda","13849 N 19th Ave",Phoenix,AZ,85023
2X07EuED0jY5C5hKQovfBA,"Cafe At Desert Ridge","20910 N Tatum Blvd, Ste 100",Phoenix,AZ,85050
2xMKHQP1TVGB-_62gDOzDg,"El Nopalito","2831 N 24th St",Phoenix,AZ,85008
2y9QHegefmcwZ-4oiih5bw,"My Dad's Favorite Cookies and Bakery","2530 W Happy Valley Rd, Ste 1271",Phoenix,AZ,85085
2Yq-Y-tDroP7mdDfcWJLCQ,"Tacos Atoyac","1830 W Glendale Ave",Phoenix,AZ,85021
2YZTrnj6XdSUz51KT7yo9A,"La Pasadita Hot Dogs","8243 W Indian School Rd",Phoenix,AZ,85303
2z7xERz1Nonyw8Kjr4SffA,"Tortilla Fish","4539 E Thomas Rd, Ste 105",Phoenix,AZ,85018
2zBCxn7_jHcfxoSjBdHJ3A,"Breadcrafters Bakery & Cafe","12635 N Tatum Blvd",Phoenix,AZ,85032
2_jWcWOew5DA6wR7_eH36Q,"Papa Murphy's","6825 N 16th St",Phoenix,AZ,85016
3-aEgS7X2jrbxA7sA1nARw,"La Flor De Calabaza","705 N 1st St, Ste 110",Phoenix,AZ,85004
30PzafMyWvh5fYZ8yV_qBg,"Lunch Box","2539 W Bethany Home Rd",Phoenix,AZ,85017
30xoqX9VRA_hH5x1QgONEA,"Sano Brick Pizza","2170 E Baseline Rd, Ste 134",Phoenix,AZ,85042
333W59XcrXZsJlnBAAx5mQ,"La Piñata","5521 N 7th Ave",Phoenix,AZ,85013
33yClygMVQZb5y9WgOCHLA,"Zam Zam World Foods","1638 N 40th St",Phoenix,AZ,85008
34VuBMNaG9nJiyqsnoEgPg,"Nori Sushi","21001 N Tatum Blvd, Ste 48",Phoenix,AZ,85050
355zerURpj4IMs2no238_A,"Pei Wei","267 E Bell Rd, Ste 1",Phoenix,AZ,85022
358UeNvBBE03JKX3u2FtLQ,"Jason's Deli","10217 N Metro Pkwy W",Phoenix,AZ,85051
36psxeiUa-zB0XiOoFXubA,"Cold Stone Creamery","455 N 3rd St, Ste 120",Phoenix,AZ,85004
3aJqrnY4u86F5-Fn_vAy-g,"Il Primo Pizza & Wings","16880 N Cave Creek Rd",Phoenix,AZ,85032
3aKmNE2coy5YLBCIu676og,"Love Cuisine","3633 W Camelback Rd, Ste 7",Phoenix,AZ,85019
3Alq2Er28QVsdxGJlQgVkg,Culver's,"4506 E Cactus Rd",Phoenix,AZ,85032
3AR0coEEReWxcbMxgS2DQg,"Ranch Burger","3102 N 16th St",Phoenix,AZ,85016
3awTUGMdUVrwEBkFFOxn9Q,"Mancuso's Restaurant","201 E Washington St",Phoenix,AZ,85004
3b4efqz06QrLQ_w2xLc4pA,"Olive Garden Italian Restaurant","10223 N Metro Parkway E",Phoenix,AZ,85051
3BGzRYh6GQbZz3LGAGb-sQ,Gallagher's,"3220 E Baseline Rd",Phoenix,AZ,85042
3bZXoLpjE5nqKk-m8ikgrw,"The Henry Coffee XV","4455 E Camelback Rd",Phoenix,AZ,85018
3C5Z9homtzkWHouH2BHXYQ,"Taco Guild","546 E Osborn Rd",Phoenix,AZ,85012
3CBLxydJU6CFRMGhu9b-sw,"CK's Tavern & Grill","4142 E Chandler Blvd",Phoenix,AZ,85048
3deqbrFWWyHdlvAbmqWqMQ,"LongHorn Steakhouse","10047 N Metro Pkwy",Phoenix,AZ,85051
3G4oBmMbsljuOydzmUhOuA,Starbucks,"4010 E Greenway Rd, Ste 100",Phoenix,AZ,85032
3Gihlnww_C1bao7zKkj2gA,"Poppa Maize","15414 N 19th Ave, Ste P",Phoenix,AZ,85023
3G_wGIblXDNRYg4xIe9VZA,"Golden Moon Palace Restaurant","1408 W Van Buren St",Phoenix,AZ,85007
3h-mTVH5zmyLQMUGkZwJfA,"Circle K","2401 E Indian School Rd",Phoenix,AZ,85016
3H3KLktgOrKr9UzpUUSZwA,Baskin-Robbins,"8841 N 19th Ave, Ste 101",Phoenix,AZ,85021
3hfDrgklIwVk6Ad9F_Sksw,7-Eleven,"12033 N 28th Dr",Phoenix,AZ,85029
3hp9aQXwomWH-TYbO_IWVg,"Papa Murphy's","3320 W Bethany Home Rd",Phoenix,AZ,85017
3Hu-IPhq5I_jyb3YfeHpGQ,"Wildflower Bread Company","4290 E Indian School Rd",Phoenix,AZ,85018
3HVbyqNpCbKWZ5ZNRIpO-A,"Mojo Yogurt","2502 Camelback Rd",Phoenix,AZ,85016
3IWgxsZ8E49hNsY3qSvdZw,"Rock and Roll Patio","8510 N 7th St",Phoenix,AZ,85020
3K9u2FpHG9b7tWogqyEyWQ,"Haldi Indian Cuisine","2945 E Bell Rd",Phoenix,AZ,85032
3KrZFsROpOTUdPz8MwXPuA,"Edelweiss German Deli","13439 N Cave Creek Rd",Phoenix,AZ,85022
3kVThNUM1mzz1lBtxdSJxw,IHOP,"2508 N Central Ave",Phoenix,AZ,85004
3l5TusofKjr8rk6-DDtuoQ,Rotana,"830 E Greenway Pkwy",Phoenix,AZ,85022
3lnfKVlzB7tbAtQsEvMQbQ,"Flavor Chalet","14 E Pierce St",Phoenix,AZ,85004
3lRXNifVJDgqylwaQEHvGw,"Dairy Queen","34455 N 27th Dr, Ste 101",Phoenix,AZ,85085
3n86SpBQ0COOW_2sDRStoQ,Cheddatruck,"2121 W McDowell",Phoenix,AZ,85014
3nckoE7pTMaG_KlUUHWgWQ,"Ni De Aqui Ni De Alla","114 W Adams St",Phoenix,AZ,85001
3nEtb-rn9yW0ocC90geMKg,"Stacy's Smoke Dem Bones Pit Stop BBQ","1650 E Indian School Rd",Phoenix,AZ,85016
3nzK3K-Dfo1L6mpB8FTKkw,"Pei Wei Asian Diner","Phx Sky Harbor Airport",Phoenix,AZ,85034
3oTVApC-eUzpGjrOVxIr5g,"The Cheesecake Factory","2402 East Camelback, Space 101",Phoenix,AZ,85016
3qlqzQrwh8hjBltlgFgsJQ,"Paz Cantina","1011 N 3rd St",Phoenix,AZ,85004
3QQEc5QUP-h6LCkUZQEYQw,"Santisi Brothers","2710 W Bell Rd, Ste 1115",Phoenix,AZ,85053
3qrotwyf69IpNqwsZN8U7A,"Spice Restaurant","2532 W Peoria Ave",Phoenix,AZ,85029
3qZsY2LiLyKwGkOq_hrnzQ,"5 & Diner","12802 N Tatum Blvd",Phoenix,AZ,85032
3Ru1_F8GoUcV-QwhX378hA,"Asian Dining Chinese Restaurant","5030 E McDowell Rd",Phoenix,AZ,85008
3rWRNL9sFX4YiWPqaUvUzw,"Hard Rock Cafe","3 S. 2nd Street",Phoenix,AZ,85004
3rxYGigm5QIAuTRdVPMb8Q,"Carl's Jr.","2750 W Thomas Rd",Phoenix,AZ,85017
3saG51hM2M14G5f-QwhGhg,Melt,"910 N 5th St",Phoenix,AZ,85004
3SLDrXzPmKF0iCY8WriLsA,"Chronic Tacos","3121 W Peoria Ave, Ste 104",Phoenix,AZ,85029
3sOS8wKatd_Uoa9VEJHhrw,"Miracle Mile Delicatessen","4433 N 16th St",Phoenix,AZ,85016
3TintmVPo4Xu2drJ_iRpRQ,"The Grill Next Door","4345 E Thomas Rd",Phoenix,AZ,85073
3u4AsqA8glBmGuxtNx5mdQ,"Knock Kneed Lobster","3202 E Washington St",Phoenix,AZ,85034
3U__XOTBFptjhBeHrPGqrg,"George's Kitchen","6102 N 16th St, Ste 1",Phoenix,AZ,85016
3w66rzZq_rjA1kSmVt5Hew,Subway,"3230 E Union Hills Dr, Ste B-125, Union Centre Shoppes",Phoenix,AZ,85050
3x45Q9c5G6VBicedNKrXxQ,"Pita Jungle","4921 E Ray Rd, Ste B2",Phoenix,AZ,85044
3xI0ToitrAJkrUSH4gbmCA,Subway,"4747 E Elliot Rd, Ste 33",Phoenix,AZ,85044
3Xq-bUUpRF9qi3MIXPY8cQ,"OUTTA BRONX","4105 E McDowell Rd",Phoenix,AZ,85005
3Z2H8TFW5OTubRrwkRejpw,"The Downtown Deli","130 N Central Ave",Phoenix,AZ,85004
3z9lFLV0UfcA3eQSAZDwSA,"Red Robin Gourmet Burgers","10214 N Metro Pkwy W",Phoenix,AZ,85051
3ZS3n0RNlm-DB0Ue8yf43Q,"Sunshine and Spice","2303 N 44th St",Phoenix,AZ,85008
3_A59jPniLD5ViVuKMYpJw,"Acacia Cafe","3701 E Indian School Rd",Phoenix,AZ,85018
403dr0KtTbRibcWEA7h0WA,"Ketzal Mexican Grill","2815 W Carefree Hwy, Ste 101",Phoenix,AZ,85073
40Uq6tuEvCJg0Ph6bAN2bA,"The Shops at Norterra","2460 W Happy Valley Rd",Phoenix,AZ,85085
44YFU284Z3KDEy25QyVoUw,"Nee House Chinese Restaurant","13843 N Tatum Blvd, Ste 15",Phoenix,AZ,85032
45bWSZtniwPRiqlivpS8Og,"The Coffee Bean & Tea Leaf","20235 N Cave Creek Rd, Ste 1115",Phoenix,AZ,85024
45F5VaVlvrrtFikPa2v-tQ,"Dairy Queen","9641 N Metro Pkwy W",Phoenix,AZ,85051
45JwLE2ol0WozeHtzPToXg,"Detroit Coney Grill","16 W Adams St",Phoenix,AZ,85003
4670Yw1xIefONEViw5NDFQ,"Burger Mania","2302 W Bell Rd",Phoenix,AZ,85023
46F4FywjDlqMiHG57NF7eg,Secreto,"4232 E Chandler Blvd, Ste 24",Phoenix,AZ,85048
46hnat0aLao-qYWZkN9aBg,"Los Dos Molinos","8646 S Central Ave",Phoenix,AZ,85042
46wGC_Xek4bWxx9dQvtlDQ,"Gigi's Cupcakes of Phoenix","3925 E. Camelback Road",Phoenix,AZ,85018
47JJtwt6vhyYa5Z-mAFv7A,"Urban Vine","2201 N 7th St",Phoenix,AZ,85006
48FexP3dPCIKi144-kYHGQ,"Olive & Ivy","3400 E Sky Harbor Blvd, Ste 3300",Phoenix,AZ,85034
48IAxa7b8mdl9FqHE8jlbA,"Gluten Free Creations","10880 N 32nd St, Ste 39",Phoenix,AZ,85028
48ka6XH8WWANuHwqL2mZUA,"Rainbow Donuts","8714 N 7th St",Phoenix,AZ,85020
48xqixi2cGozhxSiisOGiw,Blimpie,"3443 North Central Ave, Ste 10",Phoenix,AZ,85012
49a8mRB-MB-9JBEVjzK2BQ,"Balkan Bakery","1107 E Bell Rd, Ste 16",Phoenix,AZ,85022
4aF5GfnVkJPj9IwJ2yxPtQ,"The Tamale Store","13046 N Cave Creek Rd",Phoenix,AZ,85022
4balGoT43o5N1zc8Q6dekg,"Angelo's Italian Ice and Gelato","1548 E Cocopah St",Phoenix,AZ,85034
4bfKtdnkkhq8qA21sjVXlg,"Habanero Fresh Mexican Grill","701 W Deer Valley Rd",Phoenix,AZ,85027
4BteGRw4rpOPFeyf2hEoRA,Walgreens,"2610 W Thunderbird Rd",Phoenix,AZ,85023
4c1IWqXjJxcdV9Y91xsJNQ,"Dairy Queen","5217 S Central Ave",Phoenix,AZ,85040
4CjwUcaxJXGJ5foqZC-yXw,"Kaleidoscope Juice","50 W Jefferson St, Ste 100",Phoenix,AZ,85003
4cTawmoz0rrw3cl1fJd6eQ,"Mocha Bianca","4001 E Bell Rd, Ste 112",Phoenix,AZ,85032
4dj_57joI0-R9RbJNOTEpw,"Jersey Mike's","7588-7592 S 51st Ave",Phoenix,AZ,85339
4E0sK671C98JW8nakFbUnQ,Chick-fil-A,"4105 N 44th St",Phoenix,AZ,85018
4EcKw-nLolAnCyy_ntQkaA,"Long John Silvers","7509 W Encanto Blvd",Phoenix,AZ,85035
4Ed3F19uxlXg4gNNFAuojw,"La Flama Mexican Food","1820 N 75th Ave, Ste 108",Phoenix,AZ,85035
4EFHLt7UwpX1lzmrD9FtvQ,"El Pizzeria Sports Bar & Grill","46639 N Black Canyon Hwy",Phoenix,AZ,85087
4Ej5FiDtDluJlz4O6pZkDQ,"Empire Cafe","2398 E Camelback Rd, Ste 150",Phoenix,AZ,85016
4EO19pZecHc3cF7kiEkdJA,"Rainbow Donut","1347 E McDowell Rd",Phoenix,AZ,85006
4FufE1hgaseeq2PY0BdwSA,Wingstop,"2320 E Baseline Rd",Phoenix,AZ,85042
4g3IsMpBLReHDA5JatpPzw,"Kingbertos Mexican Food","4212 W Cactus Rd",Phoenix,AZ,85029
4H7Olit19_wdu14hJI-tiw,"Mariscos Ensenada","3242 W Van Buren St",Phoenix,AZ,85009
4hwe5w3opbrwFzezR6i7ig,"Carl's Jr","4916 E Chandler Blvd",Phoenix,AZ,85048
4I-DntICTD2ykxPN4NOJ4g,"Skewers Persian Grill","7000 E Mayo Blvd",Phoenix,AZ,85054
4i9CA7okUpwlbU2p4Ey0Jw,"Milano Espresso & Smoothies","11420 N 19th Ave",Phoenix,AZ,85029
4igB1WaE8BcmiVzUgoIWfQ,"3's Co Coffee Bar","2710 W Southern Ave",Phoenix,AZ,85041
4IXTkqYmAO4XH4nXnwc67w,"Amano Pizza Bistro","1541 E Baseline Rd",Phoenix,AZ,85042
4j0WfdS_lHG9uSH7cd1PFg,"Chronic Tacos","245 E Bell Rd, Ste A-2",Phoenix,AZ,85022
4jBn52rNf9CG3uHbFEFaVg,"Pinky's Cafe","502 E Thunderbird Rd",Phoenix,AZ,85022
4jW0WayNHn1BDLYn7JbL_Q,"Calabria Italian Kitchen","2605 N 7th St",Phoenix,AZ,85006
4LCevRnZVQqRmA148M8HEw,"Pizza Petron","7602 S Central Ave",Phoenix,AZ,85041
4LPrdCK0L7GFF6vLP5cGTw,"Tokyo Joe's","2131 E Camelback Rd",Phoenix,AZ,85016
4M07K6U7e37w7gZZpIgu1g,"Bosa Donuts","710 E Union Hills",Phoenix,AZ,85024
4MZF63-pHMaYe-yNmd4aaQ,"5 & Diner Deer Valley","20216 N 27th Ave",Phoenix,AZ,85027
4NfjvMzUG5rbkxtPg-8pkw,"Panda Express","7000 16th St, Ste 100",Phoenix,AZ,85020
4NpySSkznGaRVye30Pvdzg,"Brooklyn NYC Pizza","144 E Washington St",Phoenix,AZ,85004
4P6hZh7aieaZJXShzP3JQg,"Oaxaca Restaurant","8925 N 12th St",Phoenix,AZ,85020
4p6Wce7Ed707QS2-yQkvZw,"Kitchen 56","3433 N 56th St",Phoenix,AZ,85018
4phaS0fEhzivVQ-Jyv1Azg,McDonald's,"3701 N Central Ave",Phoenix,AZ,85012
4pUsOe7T7FHFRPhKAa-M0Q,"Lantana Grille","Squaw Peak, 7677 N 16th St",Phoenix,AZ,85020
4QBl0ksgIjdr5loP8IVMhQ,"Dolce Luna Gelato","4647 E Chandler Blvd",Phoenix,AZ,85048
4QxMC7fS5tiO1nQ6zmbBYw,"Mimi's Cafe","21001 N Tatum Blvd, Ste 88",Phoenix,AZ,85050
4r0Ho5rbAZ_BhXvpQmxbag,"Jackalope Flats","4225 E Sky Harbor Blvd",Phoenix,AZ,85034
4rrQkEKSiJtwMzb5L9zDlA,"Scooter's Coffee","2635 W Glendale Ave",Phoenix,AZ,85051
4RV97YE8VEw05tu0WO425g,"La Frontera","209 N 16th St",Phoenix,AZ,85034
4rwjCzSygI6batiXRGctrg,"Carl's Jr","10 N 24th St",Phoenix,AZ,85034
4SwG1ugTObHNStiahy9ZUA,"Dunkin' Donuts","4130 E Thomas Rd",Phoenix,AZ,85018
4TBSJvehKXHqlC9dOCDwyA,Starbucks,"21050 N Tatum Blvd, Ste 100",Phoenix,AZ,85050
4tckq6rjAryEKG2XXJ1YVA,"Gorditas Comarca Lagunera","5234 N 27th Ave",Phoenix,AZ,85017
4vkOZ0kW4Hor43XqqNc0Og,"Thai Basil Signature","114 W Adams St, Ste 104",Phoenix,AZ,85003
4WdOHSK1c3KeRG2nX85R1A,"Carniceria Puerto Del Todro","2902 E Greenway Rd",Phoenix,AZ,85032
4X2wKGRvcHpkLZDL0IBU7Q,"Topline Foods","2222 W Parkside Ln, Ste 109",Phoenix,AZ,85027
4x55GDKIP4oHh7H2TKaaHg,IHOP,"2529 N 75th Ave",Phoenix,AZ,85035
4XEIN-KPGAMugwJdhgjfGQ,"Combo Express Mexican Food","4568 E Cactus Rd",Phoenix,AZ,85032
4Xw-4qC0zY7HI8ZlxNL49g,"Trader Joe's","9640 N Metro Pkwy W",Phoenix,AZ,85051
4yGrrjIS0gu5gYAUIFU3fA,"Mimi's Cafe","10214 N Metro Pkwy W",Phoenix,AZ,85051
4YKU46PNs-wCi3TAafrRaQ,"Barro's Pizza","4030 E Greenway Rd",Phoenix,AZ,85032
4zsGtAFbuDi30O43O4JWmg,"Picosito Mexican Grill","8240 W Lower Buckeye Rd",Phoenix,AZ,85043
4_yC0H9EVUFDmEj4sNaMiQ,"Big Heng","1739 W Glendale Ave",Phoenix,AZ,85021
4_Ye_9x3dyMK-cfCBZrBRg,"Domino's Pizza","3602 E Indian School Rd",Phoenix,AZ,85018
5-l_zaYVEG-ft0cwyhWpyA,KFC,"2750 S. 75th Ave.",Phoenix,AZ,85043
5-rXgJ47dUzSUwqqjbGihw,"Speedy Pit Stop","2817 N 7th St",Phoenix,AZ,85006
5-s0ESpKQeI50QIgcz8GGQ,"Five Guys","50 W Jefferson St, Ste 180",Phoenix,AZ,85003
5-_4mHujcNo0PWj3-ybwnQ,"Taco Mich & Bar","14620 N Cave Creek Rd",Phoenix,AZ,85022
500mXn_L5a4MI9GrOXvTeQ,"ICON Lounge","100 N 1st St",Phoenix,AZ,85004
50mg2goBcG5rKhWIRTo8ow,"Nature's Garden Delivered","501 N 37th Dr, Ste 103",Phoenix,AZ,85009
50NTSGbZ3pN5643_K1IReA,"Via Delosantos","9120 N Central Ave",Phoenix,AZ,85020
51o5zY_7CEX9l1oNhFP-ow,"Sonic Drive-In","3310 W Bethany Home Rd",Phoenix,AZ,85017
52sY8-9al5LJi475nNJkyQ,"Raising Cane's","2715 W Peoria",Phoenix,AZ,85029
53BSdnhzcCBfBH_6TgX63Q,"Rosati's Pizza","4041 E Thomas Rd, Ste 110",Phoenix,AZ,85018
53jjJCXpXSRaHfu_ZJePRA,"Joe's Diner","4433 N 16th St",Phoenix,AZ,85016
55-DnfWgwI75ozYLnrB5kw,"The Mystery Mansion Dinner Theater",,Phoenix,AZ,85032
57J9SvZCc1OS96ilcIJJGQ,"Murray and Sons Construction","20783 N 83rd Ave, Ste 103",Phoenix,AZ,85022
58j4YMBUIctk33EkK6M6RQ,"Primos VIP Mexican Food","1899 W Mountain View Rd",Phoenix,AZ,85021
58r0y-4rDHtyCW4t8HfUsQ,"Duck & Decanter","3111 N Central Ave, Ste 110",Phoenix,AZ,85012
58ZoYIdM9trgdQgXLwszqw,Smashburger,"4375 E Indian School Rd, Ste 190",Phoenix,AZ,85018
591UZJIUNgPwxXRvQMIUkw,"Chipotle Mexican Grill","2415 E Baseline Rd",Phoenix,AZ,85042
5Aa43lrbSNCuXHz1Vpt-Ag,Subway,"715 E Bell Rd, Ste 4",Phoenix,AZ,85022
5ab4zTLxouz8v7Nhkd3Png,Starbucks,"2425 E Camelback Rd, Ste 101",Phoenix,AZ,85016
5aRyuqJZSGp1fNXHQHMLjg,"Mamma Mia Brick Oven Pizza & Pasta","3937 E Indian School Rd",Phoenix,AZ,85018
5aylLvgZVtI8H59uSClfxg,"Shakey Jake's","6260 S 35th Ave, Ste 178",Phoenix,AZ,85041
5A_sjC9ULLt4UkDNtr9dkw,"Sip Coffee & Beer Garage","3620 E Indian School Rd",Phoenix,AZ,85018
5BIikD_FpW-k8QJsxeQhZA,"Underwraps Cafe","1957 W Dunlap Ave",Phoenix,AZ,85021
5cFGfnrVgmK-jqQWlq1Xrg,"Pronto Pizza","3130 E Union Hills Dr, Ste 101",Phoenix,AZ,85022
5cXym2kMtJgKeaxdF2SrJA,"Red Lobster","10220 N 28th Dr",Phoenix,AZ,85051
5d8oCuD4TlaDjBGMnDD0HQ,"Potbelly Sandwich Shop","2131 E Camelback Rd",Phoenix,AZ,85016
5DDumAHRKumv3gZiPKW6iw,Nami,"2014 N 7th St",Phoenix,AZ,85006
5DT2qxCkXxUKW7z_4kOXmA,"Sala Thai","10880 N 32nd St, Ste 29",Phoenix,AZ,85028
5D_6yeo4z5UyKxNVwecIUg,"Dippin' Dots Ice Cream","2510 W Happy Valley Rd, Ste 1251",Phoenix,AZ,85085
5Eay1KNn13hP4GHz7ATKEw,"Haagen Dazs Shop","2502 E. Camelback Road, Biltmore Fashion Park - Near Macy's",Phoenix,AZ,85016
5eK_pgro9_LxPYDoRVJnEA,Vovomeena,"1515 N 7th Ave, Ste 170",Phoenix,AZ,85003
5E_1xb3o97ZWQJiZJMVRmQ,"Einstein Bros Bagels","122 N 2nd St",Phoenix,AZ,85004
5fM69_oyGPAtrvR7bSGVOg,"Oasis Raspados","6629 S Central Ave",Phoenix,AZ,85042
5g6fssi_52emmju-vwPahQ,"South China BBQ Hong Kong Style","4515 N 7th Ave",Phoenix,AZ,85013
5GslSGCDT3gXei0kKR-P3g,"Yin Yang Self Serve Frozen Yogurt","4757 E Greenway Rd",Phoenix,AZ,85032
5GzRZv5OAZfODFMDpebNqw,"Cherry Tree Smokehouse BBQ","1923 E McDowell Rd",Phoenix,AZ,85006
5hKB0y9eyLVj9iSF0vVXpQ,"The Good Egg","2957 W Bell Rd",Phoenix,AZ,85053
5Je2-6KDxPQJZdItfo1ngg,"China City Super Buffet","5301 W Indian School Rd",Phoenix,AZ,85031
5JHujF737wC4eZ9G3dhDNw,"Dunkin Donuts","102 N Central Ave",Phoenix,AZ,85004
5jODaUMwuk8SeJz6oIXIkQ,"Rocky Mountain Chocolate Factory","4250 Anthem Way, Ste 485, Outlets at Anthem",Phoenix,AZ,85027
5jYYHTRka2SMS7zBOuN9RA,"Cucina Cucina Modern Italian","455 N 3rd St, Ste 108",Phoenix,AZ,85004
5KAy9aeb4z2hSrPcMg3K0g,"Nypd Pizza","Terminal 4",Phoenix,AZ,85034
5KheTjYPu1HcQzQFtm4_vw,"Arriba Mexican Grill","1812 E Camelback Rd",Phoenix,AZ,85016
5Ktv5ZmJI0CN4L0KxDWJvw,"Phoenix City Grille","5816 N 16th St",Phoenix,AZ,85016
5l8S70308R_Osh3hm2zj3Q,"Hot Bagels and Deli","34640 N Valley Pkwy",Phoenix,AZ,85086
5leoFV0AZZgCDbCs0G5yfQ,McDonald's,"5750 W Thomas Rd",Phoenix,AZ,85031
5ltISbdTqooJBhlbzaJgFA,"New Times Best Of Phoenix A'fare","2400 E Missouri Ave",Phoenix,AZ,85016
5l_rfMJ79mUpTafcB8URwA,"Melt Gelato and Crepe Cafe","PV Mall, 4550 E Cactus Road",Phoenix,AZ,85032
5mcKhJwQVjZcVncUGl2how,"El Pollo Loco","2410 W Northern Ave",Phoenix,AZ,85021
5MNYCmCtpBboglFmrjU6yw,"R.Kidd's Pizza & Wings","3415 W Glendale Ave",Phoenix,AZ,85051
5nkGouCNb9yko-jotOpMDA,Subway,"5930 W McDowell Rd, Ste 107",Phoenix,AZ,85035
5nvOrdr-1Du_PvCwaPpmXQ,"The Hatrack Pub","3320 W Southern Ave, Ste 120",Phoenix,AZ,85041
5nWfU-qheLL-JzwYgHe_cQ,"Gallagher's Sports Grill","7575 N 16th St",Phoenix,AZ,85020
5o6qOFzZ4NrJ6bJ39ohCtA,"NY Bagels and Deli","1515 W Deer Valley Rd, Ste 101A",Phoenix,AZ,85027
5oeiMlQFtJFZV6H8qatznw,"Salvadoreño Restaurant","8911 N Central Ave, Ste 101",Phoenix,AZ,85020
5OmuCo0kdvWQZXidGuxrsw,"NY Slicers Deli","835 N 43rd Ave",Phoenix,AZ,85009
5OWwRvNovyRg26J4aP4DTw,"Jana's Bakery","13025 N Cave Creek Rd",Phoenix,AZ,85022
5OZS7Sz7oX6XBL7KZE0G1Q,"Jasmine Thai Cuisine","507 W Thomas Rd",Phoenix,AZ,85013
5P7zzVhWvO8nXGPdy7xqhw,"LaMar's Donuts & Coffee","2340 W Bell Rd",Phoenix,AZ,85023
5PlbORAcmUAJ0QCMJRSmDw,"Imperial Kosher Market","737 E Glendale Ave",Phoenix,AZ,85020
5pObrGpv1Is5WLDeOFSDIQ,"Pizza Hut","702 N 1st St",Phoenix,AZ,85004
5qdMR7QOcDtxAr92SCuYbA,"Big Wong Restaurant","616 W Indian School Rd",Phoenix,AZ,85013
5qEMfUERdTcMk7aDwH3A_Q,"Candy's Kitchen","13216 N 7th St, Ste 34",Phoenix,AZ,85022
5rFXq7AGqJJeNn48PHfEtA,Starbucks,"10625 N Tatum Blvd, Ste 104",Phoenix,AZ,85028
5RqU2YARBU69d9zK6h-fXg,"The Grand","718 N Central Ave",Phoenix,AZ,85004
5rZxENz57t-SDv1tIS8lOg,"Baja Fresh Mexican Grill Mexican Grill","4302 E Ray Rd",Phoenix,AZ,85044
5sqC0kX6lBvKR983T_EBcg,"Cafe Rio Mexican Grill","2131 E Camelback Rd",Phoenix,AZ,85016
5TFiZOGlhyYdZ5U67QWReA,Starbucks,"13801 N 19th Ave",Phoenix,AZ,85023
5U4u8I0nSbHrL5eagLvktA,"Phoenix Pizza Festival","1202 N 3rd St",Phoenix,AZ,85004
5UaVi_cwnoAvIBp0g4aF2Q,"Birria Estilo Michoacan","906 N 15th Ave",Phoenix,AZ,85007
5UCUIK-O6m7tSpi02B6F5g,"Oasis Raspados","3202 E Greenway Rd, Ste 1279",Phoenix,AZ,85032
5uFT5XfFpfEMyv1WPDSHPA,"AZ Iceman","447 W Watkins Rd",Phoenix,AZ,85003
5ViysgPio0TAs7LAa1nT_w,"Tropical Sno","16835 N 40th St",Phoenix,AZ,85032
5wFIiyjn7-UDd62mPSNOcw,"Burger King","3945 E Chandler Blvd",Phoenix,AZ,85048
5WtKBzHv1mL2-w1wcz3kpw,"Federicos Mexican Food","20350 N Cave Creek Rd, Ste 140",Phoenix,AZ,85024
5WZKfWW7N8nXSncyF1mpTw,"Food City","1940 W Indian School Rd, Ste 1",Phoenix,AZ,85015
5X9wKjn8KneOKqemUTjB5A,"South Bank Grill","3202 S 40th St",Phoenix,AZ,85040
5xCeuEI7Einoi5xYsNuDCQ,Applebee's,"2 E Camelback Rd",Phoenix,AZ,85012
5XCunhx5uGIdzOSCAjEEWg,U-Swirl,"3009 W Agua Fria Fwy, Ste 3",Phoenix,AZ,85027
5XejqzaFmtkZMstJS5Iy-w,"D'Lish Cafe","503 W Thomas Rd",Phoenix,AZ,85013
5XIIUcmBADuz1h8W0QztVQ,"Panda Express","7630 W Lower Buckeye",Phoenix,AZ,85043
5xJ-ibMNdTDWpToGiX8uDA,"Liquor Basket","5130 N 19th Ave, Ste 14",Phoenix,AZ,85015
5z-kd3h50BnaE1Ee8GV5bg,"Lim's Chinese Buffet","2412 E Greenway Rd",Phoenix,AZ,85032
5Zezi63tojpJkN6_2nLXGg,"Fry's Foodstores","2800 W Dove Valley Rd",Phoenix,AZ,85086
5zHi8eQhO7sO3N15zHgkUg,"Even Stevens Sandwiches","21 W Van Buren St",Phoenix,AZ,85003
5ZY9r_t-wWEiSDmNH38ndA,"Circle K Stores","4402 E Osborn Rd",Phoenix,AZ,85018
5_MYcQWzKLiFYh0cUPrgNA,"Burger King","1611 E Thomas Rd",Phoenix,AZ,85016
5_PpFtjeLq1seO84SapJWw,"Papa John's Pizza","1810 W Northern Ave",Phoenix,AZ,85021
6--gCQ9zYrIMW-VsOM7XdQ,"Z Pizza","13637 N Tatum Blvd",Phoenix,AZ,85073
6-6s-ZBtAt-c64EQ8il0Zw,"Let Them Eat Cake","4747 E Thomas Rd, Ste E",Phoenix,AZ,85018
6-nEqEheFPDowGl_UXz71Q,"Royal Coffee Bar","2502 E Camelback Rd, Ste 193",Phoenix,AZ,85016
617wOC5iiA17lw4t_W9Saw,McDonald's,"1905 W Northern Ave",Phoenix,AZ,85021
62HlThvB9Rm2QFu_OdXe7w,"Rice Paper","2221 N 7th St",Phoenix,AZ,85006
635metf6fGdTWufpcmccNA,"Circle K Stores","1602 E Washington St",Phoenix,AZ,85034
63bHLJUomC22Xdm3IjgBtw,"Krua Thai Cuisine","1510 E Bell Rd, Ste A100",Phoenix,AZ,85022
63CqyrozV7hC0yjufTRtuA,"Circle K","4950 E Chandler Blvd",Phoenix,AZ,85048
64dfRmMmUsOdLnkBOtzp4w,"Gallo Blanco","401 W Clarendon Ave",Phoenix,AZ,85013
655WnFHtnVeC1jj3wsREVA,Sprouts,"5402 E Lincoln Dr",Phoenix,AZ,85253
656XUeBmMzyvU62yYHptxQ,"Long Wong's North Phoenix","16816 N Cave Creek Rd",Phoenix,AZ,85032
65kCKrnO3SulNYEen0itGg,"Isa's Pizza","777 E Thunderbird Rd",Phoenix,AZ,85022
66EYUS3iichq-Gn6KjgX2A,"Filiberto's Mexican Food","10227 N Metro Pkwy",Phoenix,AZ,85051
67sq73gTdgHN0atGtIgDtA,"Great Wall Buffet","10605 N 43rd Ave",Phoenix,AZ,85029
67uv5149jmJTYt14pm6IcQ,"Sonoma Casual Dining","25 W Van Buren St",Phoenix,AZ,85003
67X6JB3kvZ2B_p8pucgNXA,"Kona Grill","5310 E High St, Ste 101",Phoenix,AZ,85054
686oeWNsbc-aczplCFa_0g,"Food City","6025 N 27th Ave",Phoenix,AZ,85017
69X_1K-QxjEIwr1VDYnh0Q,"Berry Bros Firewood","5317 E Washington St",Phoenix,AZ,85034
6a-em_nn7IY-yQV_znkUyg,"El Mas Sabroso Mexican Food","4705 E Southern Ave",Phoenix,AZ,85073
6a63cLJVCYR6YMc1RmsUSg,Safeway,"4747 E Greenway Rd",Phoenix,AZ,85032
6a7ulS_jjmwkYOHW_-3BFA,"Phoenix Produce Company","522 S Central Ave",Phoenix,AZ,85004
6aDfalYZOkWzwtVRA2wYaA,Z-Grill,"Zam Zam Whole Foods, 1638 N 40th St",Phoenix,AZ,85008
6AgvdkMHPvAGpxs7gdx38Q,"Public House Garage","4855 E Warner Rd, Ste A31",Phoenix,AZ,85044
6ATqm_JXesXAdKKjeuQj7w,"El Farol Peruvian Cuisine","5534 E Thomas Rd",Phoenix,AZ,85018
6AYMdVnWkFWTk1uEHGUmZg,"La Casa Del Mariachi","1420 N 24th St",Phoenix,AZ,85008
6B-sZzuNYnVz5sk2c4EfHA,"Stacy's Pampered Pig","607 W Osborn Rd",Phoenix,AZ,85013
6BjIGgxIkCks3NTpkj3fAw,"A Touch of Yogurt","2 N Central Ave",Phoenix,AZ,85004
6BSl6vLEyZvro_YIqorxEQ,"Arizona Baseball Club Restaurant","401 E Jefferson St",Phoenix,AZ,85004
6c4AW8WTpTA_xZYOrJx3Eg,KFC,"3914 East Chandler Blvd",Phoenix,AZ,85044
6CPdIWgbsyd0yX_QSInURw,"The Place","10240 N 27th Ave",Phoenix,AZ,85051
6eCbK0Fg9N_DbdluVQx-pA,"Sushi Ave","2945 E Bell Rd, Ste 102",Phoenix,AZ,85032
6EkolSf95HjdCl9jVdTM2g,Camby,"2401 E Camelback Rd",Phoenix,AZ,85016
6epbU1SVzUleAVi_sYRw1Q,Subway,"6825 N 16th St, Ste A6",Phoenix,AZ,85016
6eUJ3BbrP7tsEKwYhMI4_Q,"Yunan Wok","2948 E Bell Rd, Ste 103",Phoenix,AZ,85032
6fkEgOHqRh9mdFbPKJqz_w,"Mayan Mexican Grill","3633 W Camelback Rd, Ste 7",Phoenix,AZ,85019
6FO2DTcN7zqFfl090zf12g,"Humble Pie","3400 E Sky Harbor Blvd",Phoenix,AZ,85034
6fTdlEv1t81gsMlqOg99Cg,"Orange Leaf Frozen Yogurt","4747 E Bell Rd",Phoenix,AZ,85032
6g-ufVkF3gQjqfBjEzWPJw,"Dickey's Barbecue Pit","3125 E Indian School Rd, Ste 104",Phoenix,AZ,85016
6hfvVrOMmYapWGS1PN0b2w,"Little Caesars","4015 N 16th St",Phoenix,AZ,85016
6HLyI1VHjBOaxhF-wFVBVQ,"Tammie Coe Cakes","5210 N Central Ave",Phoenix,AZ,85012
6hRbVaaHX0DIKbxy2PFiiw,"Manuel's Mexican Restaurant","12801 N Cave Creek Rd",Phoenix,AZ,85022
6Iu4YDjAPrDRRrPCt_E2zA,"TEXAZ Grill","6003 N 16th St",Phoenix,AZ,85016
6KJIdXznNpUCun0Ky2Ltjg,"Sport Peppers Grill","1606 E Bell Rd, Ste 101",Phoenix,AZ,85022
6kZ5oQALI1NsP-y6H3cKWQ,"Pizza Hut","13624 N 35th Ave",Phoenix,AZ,85029
6MhY_9EkUkKCvvN8rzXZzg,"Gourmet House Of Hong Kong","1438 E McDowell Rd",Phoenix,AZ,85006
6nbmlMVmbifIjrEEbCaA6w,"Old Town Sarajevo","3411 W Northern Ave, Ste B",Phoenix,AZ,85051
6nRbHreAZzP_RDqUyD1FPg,"Pong Pong","3332 W Bell Rd",Phoenix,AZ,85053
6o50aaRNo7X559y-SAtnXQ,"Shamrock Foodservice Warehouse","2430 W Indian School Rd",Phoenix,AZ,85015
6omudJvy0bBSBAVCbUOpPw,"Fruttia Fresh Fruit Frozen Yogurt","4810 E Ray Rd",Phoenix,AZ,85044
6oyUUtgIqBEnMnB9B7-O7A,"Dragon Chinese Restaurant","1739 W Glendale",Phoenix,AZ,85021
6QaJkNUxgAfLeQ8hrKAC5Q,"Fry's Food Stores","4724 N 20th St",Phoenix,AZ,85016
6QRY4tMQdHFOe2-_CUHMdA,Arby's,"3826 E Thomas Rd",Phoenix,AZ,85018
6rN_wreWNCl3wLNZYZCYOA,Applebee's,"2180 E Baseline Rd",Phoenix,AZ,85042
6SfNZP1oqiQV1AYLK9A8WA,"Long Wong's","545 W Thomas Rd",Phoenix,AZ,85013
6SN1K-dWH5LoGHz4-SA1HQ,"Little Caesars Pizza","4450 E McDowell Rd, Ste 130",Phoenix,AZ,85008
6SwdqYrQSASONmrgG4mBjA,"Chambers on First","705 N 1st St",Phoenix,AZ,85004
6t98--hqg8suYkm_37re8w,SoSoBa,"214 W Roosevelt St",Phoenix,AZ,85003
6tewQ0ymGsSx56D-B-KPog,"Katz Delicatessen & Sandwich Shop","5144 N Central Ave",Phoenix,AZ,85012
6tl_UiTs8uqZO3iSfdMZmA,"Deemos American Grill","2501 E Camelback Rd, Ste 30",Phoenix,AZ,85016
6tR7FLJkwlDspVxsfrMulQ,"32nd Cafe","2822 N 32nd St",Phoenix,AZ,85008
6Uf3RcK16NZeTxYTHXAD-Q,"Magnum's Cigars Wine & Liquor","731 E Union Hills Dr, Ste B10",Phoenix,AZ,85024
6UjC8B-WvhsuiTrIeVqHnA,Subway,"35 W Jefferson St, Ste K, Luhrs City Ctr",Phoenix,AZ,85004
6UUBVPqLLHpwLnDSL0jMuw,"Carl's Jr","201 E Jefferson St",Phoenix,AZ,85004
6VZ4T_BnTl8swN-g06ZVYg,"Del Taco","1850 W Union Hills Dr",Phoenix,AZ,85027
6Wc5DPXGudcNi2XK7QfQtA,"Canyon Cafe","455 N 3rd St, Ste 114",Phoenix,AZ,85004
6WCEHKWrvHUxlrGhqGm1og,"Chef's Grill and Deli","12020 S Warner Rd",Phoenix,AZ,85044
6We2O5X62J_gduXU7jvf8w,"Spinato's Pizzeria","4848 E Chandler Blvd",Phoenix,AZ,85044
6WQQF4j_ISvLbU07nxX4_g,"One Stop Nutrition","15425 S 48th St, Ste 112",Phoenix,AZ,85044
6wxfzVfke6iXRhP8yeMTeA,"Zoyo Neighborhood Yogurt","4923 E Chandler Blvd",Phoenix,AZ,85048
6xHAfmlqlpjm9retP20woQ,"Jimmy John's","1650 E Camelback Rd, Ste 175",Phoenix,AZ,85016
6xLwHi5IQMjTMDAfOCBt1g,"Burger King","4002 E Broadway Rd",Phoenix,AZ,85040
6yIQn38Z-aZl2NDtuCDcTA,"Natural Grocers","655 W Indian School Rd",Phoenix,AZ,85013
6yv8X9ayXUwGtsXtIE5OOg,Hi-Health,"440 E Bell Rd, Ste 1, Bldg D",Phoenix,AZ,85022
6yweSyPYdBMJd93_pGA2ng,"Sprouts Farmers Market","8040 N 19th Ave",Phoenix,AZ,85021
6yZCL8hSPeKzV0NOLUSOOw,"Uncle Nick's Fish and Fries","13623 N 32nd St",Phoenix,AZ,85032
6zk3QLl5wSc5bFtHrqvZyw,"Water Mart","10855 N Tatum Blvd",Phoenix,AZ,85028
6Zk5F7fsTr8n2CJTlaxHlw,BevMo,"2370 W Happy Valley Rd, Ste 1061",Phoenix,AZ,85085
70lJWlEwoW09T0S97dffQQ,Fazoli's,"4046 E Thomas Rd",Phoenix,AZ,85018
70umoFq_Wa24Nr78UOsilQ,"Ono Hawaiian BBQ","3923 E Thomas Rd",Phoenix,AZ,85018
71gXwJhn1Mdcdk-W9f98ag,"Ingallina's Box Lunch","4117 N 16th St",Phoenix,AZ,85016
71VGQ--nxzv7AgncgOX2Ig,"Open Sesame Market","3502 W Greenway Rd, Ste 2",Phoenix,AZ,85053
72LhMOYYj5_AvJ454eXTHQ,QuikTrip,"21050 N Cave Creek Rd",Phoenix,AZ,85024
75i9St7QE12NX5JM-Zt90g,"Taco Bell","5825 S 35th Ave",Phoenix,AZ,85041
75u8X_saAIETRHgpECi8YA,"Urban Taco","6522 N 16th St",Phoenix,AZ,85016
75vRgse6O3P4GL_vi3Xr9Q,"Taqueria Los Yaquis","727 W Camelback Rd",Phoenix,AZ,85013
77FYW55qBiRAMZRxdIKApA,"Little Caesars Pizza","8929 N Central Ave",Phoenix,AZ,85020
7A6eDE4E3GzFao8BjeM9yA,"Burger King","709 E Broadway Rd",Phoenix,AZ,85040
7aAg0v3vOw3N3KRNlS1_tg,"Beneficial Beans","1221 N Central Ave",Phoenix,AZ,85004
7ALNJcSA_GRpznrDOtaOtg,"Walmart Supercenter","1825 W Bell Rd",Phoenix,AZ,85023
7BPZTyrureyPA32rnHFUNQ,"Desert H20 To Go","18631 N 19th Ave, Ste 172",Phoenix,AZ,85027
7cK9uEV09iPmsTqOqmY3kQ,"La Grande Orange Pizzeria","4410 N 40th St",Phoenix,AZ,85018
7DBu4i4sN9I8HWS3YaxArA,Starbucks,"3131 E Thunderbird Rd",Phoenix,AZ,85032
7DcmitV_vJlP_v_bUKINaA,"Corner Store","1111 N 67th Ave",Phoenix,AZ,85043
7dKIMvsTQI6zO-NYdRmrwA,"The Codfather","1618 E Bell Rd, Ste 101",Phoenix,AZ,85022
7dln44D2PZWe0lzAJmDZMg,"Charlies Grilled Subs","4550 E Cactus Rd",Phoenix,AZ,85032
7eQoxWr9RzyCB9IFvqHUPA,"Pizza Heaven Bistro","5150 N 7th St",Phoenix,AZ,85014
7EtiFdHnoWwvC-8m8ixC1g,"Barro's Pizza","15440 N 7th St, Ste 13",Phoenix,AZ,85022
7FLmfV1Ena0xE0Ew82C2Xg,"Einstein Bros Bagels","Phoenix Sky Harbor International Airport, 3800 E Sky Harbor Blvd",Phoenix,AZ,85034
7fOZVdXQfEhZkZ9ZOcHOjA,Walgreens,"4111 N 24Th St",Phoenix,AZ,85016
7fPMKpEOH-uNnUd0OoSwdg,Gyrosology,"15414 N 7th St",Phoenix,AZ,85022
7ge2DIxgQAl20_wr4yUgsA,"Pizza Studio","11 W Washington St, Ste 120",Phoenix,AZ,85003
7iGqep3bONVhl8Dfhc32wQ,McDonald's,"2501 W Happy Valley Rd",Phoenix,AZ,85085
7IhxPftD57Ee_DU_oJpK8A,"Taberna Del Tequileria","Phoenix Sky Harbor Intl Airport",Phoenix,AZ,85034
7jl9EJQCGBiTyXTDXMsRIw,"Donovan's Steak & Chop House","3101 E Camelback Rd",Phoenix,AZ,85016
7jOuytjEa6Q9F_Sy9UR5Hw,Subway,"3961 E Chandler Blvd, Ste 103",Phoenix,AZ,85048
7JYjXxB9tnAeSn6-NNSq8Q,Subway,"11 W Jefferson St",Phoenix,AZ,85003
7K6FmmVrwK_CkVMsqhU7bQ,"Sonny's Steakhouse","4550 E Cactus Rd",Phoenix,AZ,85032
7kH3cdKFaanW_m5vURWeWw,Subway,"3440 W Thomas Rd",Phoenix,AZ,85017
7KlpgRjjAmVabPzxcExs0g,"Taco Mex","3525 W Glendale Ave",Phoenix,AZ,85051
7kmHtcImdFJrPejNNP4TMg,"Taqueria La Korita","4131 N 27th Ave",Phoenix,AZ,85017
7lEqJZLFLQkjLR7NqI-fSQ,"Malee's Thai Bistro","21001 N Tatum Boulevard, Suite 1630",Phoenix,AZ,85050
7m1Oa1VYV98UUuo_6i0EZg,"Paradise Valley Burger Company","4001 E Bell Rd",Phoenix,AZ,85032
7MeMGh0SUlF-GuTyruwtcw,"Mellow Mushroom","2490 W Happy Valley Rd",Phoenix,AZ,85085
7mFNJCgmZCiSjv2mzoP1Cg,Chili's,"12660 N Tatum",Phoenix,AZ,85032
7mMRxAxiPvhyLvbmhnGFsQ,"El Guero Hot Dogs","67TH And W Lower Buckeye Rd",Phoenix,AZ,85043
7obotzA7aLL9kAUIUWQcJg,"Los Kikos","675 W Union Hills",Phoenix,AZ,85027
7pFvRwpwxRc8qf6eTWY6kQ,Subway,"1616 N 24th St, Ste C",Phoenix,AZ,85008
7Q2cYSl5NBYytJzgjX0oKw,"Sandbar Mexican Grill","21001 N Tatum Blvd",Phoenix,AZ,85050
7Q6pUSru5DYRwYo5U3Xjxw,"Athen's Gyros & Pasta","2340 W Northern Ave",Phoenix,AZ,85021
7rdenapLKDEKdb9e5rlbDA,"La Pupusa Loca","4316 W Thomas Rd",Phoenix,AZ,85031
7S5iOI5Xb9cTUQLmBwCeXw,"The Skinny Italian Kitchen","5415 E High St",Phoenix,AZ,85054
7s8ripk5sBM4psK_Za5GyQ,"Caribbean Market Place","4220 W Northern Ave, Ste 104",Phoenix,AZ,85051
7wgNlcLTfQq8CHBob7AGHg,"Panda Express","3923 E Thunderbird Rd, Suite 111",Phoenix,AZ,85032
7xp3zCEMWtGKQUD_YNbUhw,Subway,"1610 N 36th St, Ste B101",Phoenix,AZ,85008
7XRbA_t8UNxMHkdslLd5Tw,"China Buffet","7710 W Lower Buckeye Rd",Phoenix,AZ,85043
7XvmghjpF4lwigeY1En1_A,"Mariscos el Cochorit","5037 W Thomas Rd",Phoenix,AZ,85031
7z5Z8O1VRtPTjFlKFF4_jA,"Uptown Farmers Market","5757 N Central Ave",Phoenix,AZ,85012
7ZV8nQj4a6wbVqLObze3DA,"Vincent's Saturday Camelback Market","3930 E Camelback Rd",Phoenix,AZ,85018
7_1W86xkmLyBtyEdppLcmA,"Caribbean Marketplace Grill","4115 N 19th Ave",Phoenix,AZ,85015
8-_jXGGDFPFAPB4r1x-81w,"The Yard","5632 N 7th St",Phoenix,AZ,85014
81e1OAYxYZt7XNdUFTKNwQ,Denny's,"3160 W Carefree",Phoenix,AZ,85086
825nC-s-cQG6Hsul5Gm2cA,"Pork On A Fork","1515 W Deer Valley Rd, Ste B-102",Phoenix,AZ,85027
82I9SSilxh3zL8F1UQ45Xw,"Uncle Bear's Brewery","4921 E Ray Rd, Ste 103",Phoenix,AZ,85044
833FaNxWNM_IZanawr1nFQ,"Loi Nam Oriental Market","3838 N 19th Ave",Phoenix,AZ,85015
83cVpTJNyzv9lJ20vzBgdg,"Pizza on 40th","3937 E Indian School Rd",Phoenix,AZ,85018
83Q3Ga7F171gnbeOnbeFYg,Conspire,"901 N 5th St",Phoenix,AZ,85004
85o8XAZDoPmRqHFhdJLAGg,"Song Lynn","2755 N 91st Ave",Phoenix,AZ,85037
86AlQmjMfkxZgH5UquSOPg,"Hey Joe! Filipino Street Food Truck",,Phoenix,AZ,85004
86v_o9M5-_-EAVSRxPZTuQ,"Cake Cafe","4910 E Ray Rd",Phoenix,AZ,85044
870wJgRZMQLt9jNN8-RgQg,"Little Caesars","3961 E Chandler Blvd",Phoenix,AZ,85048
87Kp5zOGDx-lUk5DApZwhQ,Starbucks,"3450 W Bell Rd",Phoenix,AZ,85053
881g37CP278kPIXeyiIgIA,"4 Sons Food Stores","1442 E Chandler Blvd",Phoenix,AZ,85048
88cKxCOOHIonIa44yVPDmQ,"Jake's Sports Bar and Grill","2017 E Cactus Rd",Phoenix,AZ,85022
88YhJ1Dfh8Y3uD7YoAxfHw,"Pita Pit","53 West Thomas Rd, Ste B",Phoenix,AZ,85013
88yIboxl9p7sPy9ifh_s4A,"Sonic Drive-In","5002 E Mcdowell Rd",Phoenix,AZ,85008
89N3YfIoe50feyqS0qwMXg,"Cartel Coffee Lab","4225 Sky Harbor Blvd",Phoenix,AZ,85034
89uU51kOiQXbJHVA3C6XMQ,"Carolina's Mexican Food","1202 E Mohave St",Phoenix,AZ,85034
8a4ScB2OYz8uVtp1PWP5jg,"Taco Bell","4209 W Bell Rd",Phoenix,AZ,85053
8AWnAA7aUk8OO5oLz8yvQQ,"Elly's Brunch & Cafe","100 E Camelback Rd, Ste 166",Phoenix,AZ,85012
8C4R3FLXERdrMtiD5YdLYA,"Popeyes Louisiana Kitchen","3426 W Greenway Rd",Phoenix,AZ,85053
8ciT6qjI18x9EPtOb-gqYQ,"Coup Des Tartes","4626 N 16th St",Phoenix,AZ,85016
8dSKEPQn0pmZEmWTKZI81Q,"Chuck E Cheese's Pizza","4825 E Warner Rd",Phoenix,AZ,85044
8eHdaUEB4bqYM-YsarAlvA,"Presto Pizza & Wings","5127 W Indian School Rd",Phoenix,AZ,85031
8EvgKu_VpVXJ0KUvrxS7BA,"Sardella's Pizza & Wings","18631 N 19th Ave",Phoenix,AZ,85027
8F9C5vhDlYphBWELUgLkvQ,"Famous Ray's Pizza","2501 W Happy Valley Rd",Phoenix,AZ,85085
8FtVVxG4ovmIlvOCtKziZw,"Auntie Anne's","4550 E Cactus Rd",Phoenix,AZ,85032
8GHn7-g8u1Zi9rJcDF5fZw,"Hi-Health Supermart","742 E Glendale Ave, Ste 8",Phoenix,AZ,85020
8gW7VRKF_U0piIO9cWee_w,"Noodles & Company","4901 E Ray Rd",Phoenix,AZ,85044
8h5C4aF_MIwlLBc9JtaD7Q,IHOP,"1920 W Bell Rd",Phoenix,AZ,85023
8IahspYyGR7A0sgvIJyeiw,"Downtown Phoenix Organic Juice Bar","301 W Roosevelt St, Ste 2",Phoenix,AZ,85003
8IblwilNlenDVwBbEzQEVg,"Canton Dragon","7307 W Indian School Rd",Phoenix,AZ,85033
8IQnEcNgroaHetuujtvhSQ,"Carte Blanche Gourmet Tacos & Catering",,Phoenix,AZ,85032
8ivgnBIWIXHUhGeB4HzmkA,"Emerald City Smoothies","4206 E Chandler Blvd, Ste 9",Phoenix,AZ,85048
8J55FMsOXei4Xh1jHSpElw,"Sauce Pizza and Wine","2470 W Happy Valley Rd",Phoenix,AZ,85085
8jHr3atzErzItizENMkpzQ,"Burger King","1375 E Bell Rd",Phoenix,AZ,85022
8JtnbHflEazfcLPd9ZjhnA,"Jersey Mike's Subs","100 E Camelback Rd, Ste 120",Phoenix,AZ,85012
8JvuhiQWoMJVDVuTtvOnPA,"Tacos and Tequila Cantina","5642 N 27th Ave",Phoenix,AZ,85017
8jWuRoHUFCXPdGVIYHTg5g,"Great Wall Buffet Two Corporation","8101 N 35th Ave",Phoenix,AZ,85051
8K4BDHHXXBVGFqWQoMVQrQ,"Lilac Bakery","2747 E Indian School Rd Phoenix Az 85016",Phoenix,AZ,85016
8kMq3UEGOTlOI-lmClK1Qw,"Ethiopian Famous Restaurant & Coffee","4111 E McDowell Rd, Ste 1",Phoenix,AZ,85008
8lyBCij_sojtwWAlB40n8w,Subway,"3413 N 7th Ave",Phoenix,AZ,85013
8N5A5jW8sTG7ozGmZ_uj0Q,"Paradise Valley Burger Chase Field","Main Concourse Behind The Catcher",Phoenix,AZ,
8NMf2dCmEGGKYR3SbMcnNA,"Moga Crepes","Paradise Valley Mall, 4550 E Cactus Rd",Phoenix,AZ,85032
8oVyhkGvcFd_pXwvxOzOxQ,"Amelios Pizza & More","1726 W Bell Rd",Phoenix,AZ,85023
8p7OJYXoDJXZr6-mpFc9ng,"Bountiful Baskets Food Co-op",,Phoenix,AZ,85073
8PaMGALpL7FwwdUy7eK4ZA,"Yogis Grill","3121 W Peoria Ave, Ste 105",Phoenix,AZ,85029
8QfDxSuHkXA-sv5wcfP4Zg,"El Snappy Mexican Food","3520 S Central Ave",Phoenix,AZ,85040
8QGtzJEEmCmp8X6UAL8MVQ,"Lady Diana's Cakes & Catering","1810 W Northern Ave, Ste 2A",Phoenix,AZ,85021
8RE491O4ty5oFn4VmGBp1A,Arby's,"6850 N 35th Ave",Phoenix,AZ,85017
8reRvd7xjNMNizvbMsPvMg,"Rally's Hamburgers","1345 W Camelback Rd",Phoenix,AZ,85013
8rlTOw0IA1TENURMBJpaXw,"Morning Glory Cafe","6106 S 32nd St",Phoenix,AZ,85042
8RnOU6PLyOk3qHV1kZ4hcg,"Zaytoon Kabob Bistro","4804 E Chandler Blvd, Ste 108",Phoenix,AZ,85044
8R_oemw4rNjJL6sd40O_oQ,"Over Easy","4730 E Indian School Rd, Ste 123",Phoenix,AZ,85018
8Sbs3VDs3KQnawJZR-77MA,"Crown China Super Buffet","5505 N 7th St",Phoenix,AZ,85014
8Syk4yZRivDlVUdXxIPutQ,"Don Jose Mexican Food","3734 E Thomas Rd",Phoenix,AZ,85018
8tPZJ5XSBb2jTcxsytpCyw,"Pita Paradise","21001 N Tatum Blvd, Ste 36-1170",Phoenix,AZ,85073
8v1nk5EcCyEKK61ohAh5Og,"Pezzano's Pizza","3130 E Union Hills Dr",Phoenix,AZ,85050
8vA1d9_w4hBjOcrM7mNWFg,"Boston Market","4716 E Ray Rd",Phoenix,AZ,85044
8WKA2k3_tWMT1W1jYMOyqA,Costco,"2450 E Beardsley Rd",Phoenix,AZ,85050
8WwGP-B3Zxh_03FxZ3gC-g,"Birrieria Obregon","3146 W Van Buren St",Phoenix,AZ,85009
8XNpKETQcSLUPAROULyrOg,"Clamatos La Cruda","2822 N 32nd St, Ste 3",Phoenix,AZ,85008
8xsos7GhHO7C5YjRxOYGsA,Dagwoods,"2355 E Camelback Rd",Phoenix,AZ,85016
8xyRFdmF_9boBaPx0jBhHQ,"Red Devil Italian Restaurant & Pizzerias","3004 E Bell Rd",Phoenix,AZ,85032
8XZ4X5WUyM1sWscObramwQ,"Einstein Bros Bagels","16842 N 7th St",Phoenix,AZ,85022
8Z9kijurkcRurq3q3w7fPQ,"Vogava Coffee Roasters","4030 E Bell Rd, Ste 112",Phoenix,AZ,85032
8ZhTEANRxKQ3KAW1wY9r6Q,McDonald's,"3130 E Broadway Rd",Phoenix,AZ,85040
8Zqh2jwtncA3N4fWEMTvZQ,"Scramble A Breakfast Joint","9832 N 7th St, Ste 1",Phoenix,AZ,85020
8zVmINHYdaAjW_ED3vdFhQ,Wingstop,"5215 W Indian School Rd Ste 103 104",Phoenix,AZ,85031
8_7CQB7SzLoN-rOp4Aws0Q,"Ruth's Chris Steak House","2201 E Camelback Rd, Ste 106-A",Phoenix,AZ,85016
90bL34o2KEes9pUnCOm7pQ,"The Gladly","2201 E Camelback Rd, Ste 106",Phoenix,AZ,85016
91FlIjn-FabJYjJ819gwbQ,"Kaleidoscope Juice","1 N 1st St",Phoenix,AZ,85004
91GxxEnwkkdmpGXnvCXZzg,"Applebee's Neighborhood Grill & Bar","4609 E Chandler Blvd",Phoenix,AZ,85048
93cSBol4_mnfzxIfG9RCDA,"Sweet Bites Raspados and More","3552 W Baseline Rd, Ste144",Phoenix,AZ,85339
93ZUDaQQ_QLZ0G5ARjp2DA,"Lakeside Hideout Cafe","11225 N 28th Dr",Phoenix,AZ,85029
95Mu6dlxWA-mKltDSt-AVw,Walgreens,"4875 E Elliot Rd",Phoenix,AZ,85044
974srqVWmIxiS7ypMeqT2A,"Circle K Stores","4801 E Thomas Rd",Phoenix,AZ,85018
97w3hi6ngScJquXakwTWuA,"Ah-So Sushi & Steak","2450 W Happy Valley Rd, Ste 1141",Phoenix,AZ,85085
98-glq_UhUwYwx9SBVi2_A,"Duck & Decanter","1 N Central Ave",Phoenix,AZ,85004
9a3DrZvpYxVs3k_qwlCNSw,Cibo,"603 N 5th Ave",Phoenix,AZ,85003
9AI96ikMEJv7e0WIfz0mjw,"The Phoenix Cheesesteak Co","2605 N 7th St",Phoenix,AZ,85004
9aPWpQvBIgq4CnNb_3u8Gw,"Jack In The Box","19818 N 27th Ave",Phoenix,AZ,85027
9bnIB7Craru4z64hE4XGvQ,"Cheese Love & Happiness",,Phoenix,AZ,85043
9BPRNsRlrMzCrV0M_ywXqg,"Circle K","4401 S 7th Ave",Phoenix,AZ,85041
9Cq_NVvWZOEAzmE7tqJgmg,"Short Leash Hot Dogs Food Truck","110 E Roosevelt St",Phoenix,AZ,85004
9cYYusmNE0qdfT7pqfdc5w,McDonald's,"1532 N 51st Ave",Phoenix,AZ,85043
9d3xGYst3o4KhDwhF2dFMg,"The Habit Burger Grill","4575 E. Cactus Blvd.",Phoenix,AZ,85032
9d7N-I00hu-VkXFry4Da-g,"Manuel's Mexican Restaurant & Cantina - 28th St","2820 E Indian School Rd",Phoenix,AZ,85016
9d8qEDf9mLu7oxeENQipeg,"The Loaded Cupcake",,Phoenix,AZ,
9drKTpV8X2zziidDPXCZGw,"Flying J","6700 W Latham St",Phoenix,AZ,85043
9dyeWAX65eMue84fCr3ZHA,"Something Sweet Bakery","4025 E Chandler Blvd",Phoenix,AZ,85048
9EGgvZ0M_lMzONlIhEPj6g,"Petit Fromage","5345 N 7th Ave",Phoenix,AZ,85013
9EkpAzQGQuIguaV12Zxn-A,"Pan Y Pasteleria San Sebastian","8941 N 12th St, Ste 3",Phoenix,AZ,85020
9enpsB9cGGzX0Log6Y8OrQ,"Marston's Cafe","50 E Adams St",Phoenix,AZ,85004
9Flt2bgEjCDiP21101zUcg,"Lilo's Coffee Haus","4747 E Elliot Rd, Ste 34",Phoenix,AZ,85044
9FzppK60NA4ou7CuPHPR3Q,"Desert Rose Espresso",,Phoenix,AZ,85001
9gLFnkwRiSppOBu3Snxkgw,"Fast Eddie's Diner","17017 N 33rd Ave",Phoenix,AZ,85053
9GPWnFfwL3teZFax-CPD_A,"California Pizza Kitchen","21001 N Tatum Blvd, Ste 40-1370",Phoenix,AZ,85050
9HG09ZNqzrEUz-ipSTRkKA,"Filiberto's Mexican Food","2302 W Camelback Rd",Phoenix,AZ,85015
9IaomgzTHXsNkZHnZGv8fg,"Barb's Bakery","2929 N 24th St",Phoenix,AZ,85016
9IIhExGT0f6x26hTjyBbrw,"Veggie Village","1255 E Northern Ave",Phoenix,AZ,85020
9iy6scMRbs5ue41XRLGEkw,"Coup Des Tartes","1725 E Osborn",Phoenix,AZ,85016
9JTkh1D7u9fRBohglQRL0w,"Phoenix All-stars Sports Bar & Grill","Phoenix Sky Harbor International Airport",Phoenix,AZ,85034
9jWUmisHRkO08m7pnuBbfQ,"Raspados Guerrero","4149 N 83rd Ave",Phoenix,AZ,85033
9K4WIS_4L94vkExuHcc17Q,"El Super-Super Market 19","7502 W Thomas Rd",Phoenix,AZ,85033
9kk7eaffUzXwh-KLmKLxzw,"San Carlos Bay Seafood Restaurant","1901 E McDowell Rd",Phoenix,AZ,85006
9mLpkJISzg5G1ImVqqe2QA,Teavana,"2502 E Camelback Rd",Phoenix,AZ,85016
9MMxOuaRpef7ckyH4WupcQ,Salsitas,"6538 W Thomas Rd",Phoenix,AZ,85033
9nlQLMA8W08dFAkXFSQOyA,"The Habit Burger Grill","530 W McDowell Rd",Phoenix,AZ,85003
9nTWLlUEn7oyduAYZcw2RQ,"ACR Elotes","2312 N16th St",Phoenix,AZ,85006
9o-DUVGYaoKkqnCP5BT_NA,"Mi Pueblo Mexican Food","710 E Union Hills Dr, Ste 16-A",Phoenix,AZ,85024
9O-L6F0cMfNmE5i07pN_xQ,"Mamma Toledo's The Pie Hole","15414 N 7th St, Ste 6",Phoenix,AZ,85022
9o8HYFPMcoBFCXdsS0AvEg,"Boomer's Sweet Home Chicago","2755 N 91st Ave, Ste 150",Phoenix,AZ,85037
9oAPccHCF0Ke1MTDNfAfbA,"Boston Market","5101 N Central Ave",Phoenix,AZ,85012
9OwoNe9ksUeU6zYasGhrPA,"China Harvest Buffet","12407 N 28th Dr",Phoenix,AZ,85029
9p0jhBSwTPXyUbaZe_1bTA,"Paradise Juice","10805 N Tatum Blvd, Ste B1",Phoenix,AZ,85028
9P0uMEOiEIP6V4e9ARycSQ,"Lennys Burger","2737 W Indian School Rd",Phoenix,AZ,85017
9PGhcb_ozHN_qa4ZIFK-_Q,"Surf City Tanning","245 E Bell Rd, Ste 56",Phoenix,AZ,85022
9PZViPPXgOrk7rY1-K1tZg,"Streets of New York","1985 W Happy Valley Rd",Phoenix,AZ,85310
9RpuH7YhormBCST9q3DADw,"Euro Bakery","15440 N 35th Ave",Phoenix,AZ,85033
9rRLFoKblSs4q_QbjQ4v8g,"Elegant Gifts",,Phoenix,AZ,85083
9RSgLa87uZTZKdTvxy2qyg,"Pei Wei","10450 North 28th Dr",Phoenix,AZ,85051
9SNebKqP9jtwM7ebzsu3nA,"Best Wok Buffet","5030 W McDowell Rd, Ste 50",Phoenix,AZ,85035
9tKSEjLCJowSkxze0NiFig,"Cyprus Grill of Phoenix","4747 N 20th St",Phoenix,AZ,85016
9u0bZOv8a91ASs-WldDhIA,Unwined,"1334 E Chandler Blvd, Ste 11",Phoenix,AZ,85048
9u7knPXVCUOwnsz8sTTT_w,"Las 15 Salsas","722 W Hatcher Rd",Phoenix,AZ,85021
9ugldqLxU4IfRO-EG4WrQQ,"Double Headers","401 E Jefferson St",Phoenix,AZ,85004
9Uju4PPwIKNrBUOfsjBbkw,"Burger Studio","9822 N 7th St, Ste 8",Phoenix,AZ,85020
9ULcHyUTN1O16Vr8KUMQew,"Mr. Cooks Chinese Cuisine","3208 E Cactus Rd",Phoenix,AZ,85032
9umA26_aWjEuVe4QW7axtw,"Paradise Valley Pizza Company","4001 East Bell Rd",Phoenix,AZ,85032
9uyPRXK7NGVXpMKpbOhw0A,"Streets of New York","39508 North Daisy Mountain Dr, Ste 158",Phoenix,AZ,85086
9VEJkUd0eHIlKmCu0flvBw,"Papa John's Pizza","5602 S Central Ave",Phoenix,AZ,85040
9vkVY5puIHRfKMgJB4LBnw,"BJ's Restaurant & Brewhouse","21001 North Tatum Blvd.",Phoenix,AZ,85050
9VKXdVbyHM5CyGmMffWKnQ,"The Newton","300 W Camelback Rd",Phoenix,AZ,85013
9VMAIC2JCKDPpqBx534W6Q,"Jack-In-the Box Drive Thru","7850 N 35th Ave",Phoenix,AZ,85051
9vMQMbmfXl1qC8iJECEWjw,"Linda's On Osborn","2333 E Osborn Rd",Phoenix,AZ,85016
9vub2LM7Djy8P-LPumcLXA,"Tacos Chiwas","1923 E Mcdowell Rd",Phoenix,AZ,85006
9vXJXydGeJHLdhRohfd59w,"Sushi Station","1575 E Camelback Rd",Phoenix,AZ,85014
9WAo6J2-9mxMo8UQrA_G8A,Julioberto's,"2435 E Bell Rd",Phoenix,AZ,85032
9WtEKbNGOU-wo2Gic1hUpA,"La Pasadita Hot Dogs","4611 W Indian School Rd",Phoenix,AZ,85031
9WuE4W8bEcVX9ZDn1PygfA,"SteakenBurger / Long Wongs Wings","1961 W Dunlap Ave",Phoenix,AZ,85021
9Xsjz292QEFVff_p03qsZQ,"Charleys Philly Steaks","3013 W Agua Fria Fwy, Ste 3",Phoenix,AZ,85027
9y1uLUHxZ3m_4KzydQj9YQ,Wingstop,"4041 E Thomas Rd",Phoenix,AZ,85018
9yESUcIVarhYEabIMj844Q,"Culinary Dropout","5632 N 7th St",Phoenix,AZ,85014
9yH1SL2paauMMuxHnV6cBA,"Pizza Hut","2436 E Bell Rd",Phoenix,AZ,85032
9YmkEQzfqWizimIWwASD0w,"Walmart Supercenter","4617 E Bell Rd",Phoenix,AZ,85032
9z3fqEeQXfxdF_sqkpPsSA,"Naked Pizza","25155 N 67th Ave",Phoenix,AZ,85083
9zclqTtkncm_ayNJ58iJbg,"Roliberto's Mexican Food","Cave Creek",Phoenix,AZ,85027
A-apTF3JfkUPR_oeazZC1Q,"HoneyBaked Ham","4635 E Cactus Rd",Phoenix,AZ,85032
a-uvQrruzDQ9E2SVIPOAHg,Wendy's,"3025 W Peoria Ave",Phoenix,AZ,85029
A0Gj7n6GUORMWk0ECMgl0g,"Don Guido's Chicago Style Hot Dogs","8911 N Central Avenue",Phoenix,AZ,85073
A0ZTQtESSHaPvNMxt2jLrg,"Circle K","620 E Carefree Hwy",Phoenix,AZ,85085
a1KXovXPdeDurOrER4ST6A,"Akaihana Sushi & Grill","8041 N Black Canyon Hwy, Ste 112",Phoenix,AZ,85021
A2eA3LRbptrexCGw8fu67Q,"United Lunchadores Street Gourmet","3131 E Camelback Rd",Phoenix,AZ,85016
A2pHOVp0zh7grb1bbZxoBQ,"Little Peking","10608 N 32nd St",Phoenix,AZ,85028
A2Sq5rBHCvO38tHXqAiAkw,"Pho Bang Restaurant","1702 W Camelback Rd, Ste 14",Phoenix,AZ,85015
A3hwreijrD8HcjDI7PIAgg,Starbucks,"2824 N 44th St",Phoenix,AZ,85008
a3mJdNVP-ve3l3z9LRJXQQ,"DeSoto Central Market","915 N Central Ave",Phoenix,AZ,85004
A3QOTEpt6hRd4Ta5qFpwqg,"Villa Italian Kitchen","Premium Outlets Way",Phoenix,AZ,85048
a48i_DFln5e1oaJKNM6BUg,Subway,"625 W Deer Valley Rd, Ste 107",Phoenix,AZ,85027
a4CCRl5Uo2vXfrVgpU6vmw,"Zoyo Neighborhood Yogurt","2415 E Baseline Rd",Phoenix,AZ,85042
a4L-Fy0agN3RNM7O49bIHA,"CRUjiente TACOS","3961 E Camelback Rd",Phoenix,AZ,85018
A4zKbHT1udV4gcd37HEuZQ,"Tropical Smoothie Cafe","1640 E Camelback Rd, Ste 150",Phoenix,AZ,85016
A5BiIK444PBb6FMOIxeEVg,Blimpie,"1024 E Buckeye Rd",Phoenix,AZ,85034
a5d_-h81d0OjN24Duxh-Rw,Subway,"1950 W Indian School Rd, Ste 3",Phoenix,AZ,85015
a6asAPtLHfWG871UBizACw,"Mashawi Lebanese Grill","814 E Union Hills Dr, Ste C-6",Phoenix,AZ,85024
a6fYAeP1VOBVUeY2SrHaDw,"Karsh's Bakery","5539 N 7th St",Phoenix,AZ,85014
a6SqJZTFMpSOR6Qb0STyFA,Arrivederci,"4221 E Chandler Blvd, Ste 102",Phoenix,AZ,85048
A6upLxml9nNaVT_V3oIUkg,"Cracker Barrel Old Country Store","21611 N 26th Ave",Phoenix,AZ,85027
a7GomHLPBvkDzmH1D3e8vA,"Five Guys Burgers and Fries","2131 E Camelback Rd, Ste 111",Phoenix,AZ,85016
a7q40rE3-0PORdFnFL-1Hg,"The Chill Frozen Yogurt","5810 N 16th St",Phoenix,AZ,85016
a8OWfQTA1TqoMEu8Qk9owA,"Sardella's Pizza & Wings","3143 E Greenway Rd",Phoenix,AZ,85032
A9aksp-YGK8FsCN9bXFLrg,"Papa John's","4645 E Broadway Rd, Ste 105",Phoenix,AZ,85040
aAIKXfz-86Vki8ValH94JA,McDonald's,"3140 W Carefree Hwy",Phoenix,AZ,85086
ABDFv4oIBA72UkNwVI_uBw,"Pita Bistro","3110 N Central Ave",Phoenix,AZ,85012
aBmuthrQ7yP8cnbgkxU5Ug,"24th Street Pizza & Gyros","3405 N 24th St",Phoenix,AZ,85016
acD0l-j5Kr-edoO-_tcbyg,"Baby Kay's Cajun Kitchen","2119 E Camelback Rd",Phoenix,AZ,85016
ACFgUUcv_gOGwYvTnuqusw,"Yogi's Bistro","149 E Adams St",Phoenix,AZ,85001
AcGRSWCpb7YB95MTsHlGEw,"Little Caesars Pizza","4145 N 83rd Ave",Phoenix,AZ,85033
AcjO26DmOhqWlfo2s5DUow,"Stackers Restaurant","2855 W Cactus Rd",Phoenix,AZ,85029
aD-YA02i2xAqLBDon1tzIQ,noca,"3118 E Camelback Rd",Phoenix,AZ,85016
AD2y1pqC1Z3lZTYBcALPxA,"Costco Food Court","19001 N 27th Ave",Phoenix,AZ,85027
adan4r7tHmO0qprpiLrCLg,"Grind House Coffee","1028 Grand Ave, Ste 6",Phoenix,AZ,85007
AdB7a8eo7uK_Fq-aX6_l8g,"Ammaccapane's Restaurant & Sports Bar","13470 N 7th St",Phoenix,AZ,85022
AdCgMYmXzD1DJsx_02DvmA,"The Urban Farm",,Phoenix,AZ,85064
adnAevmPxjh9MtS6e4aSbw,"Northern Perks Doughnuts & Coffee","1255 E Northern Ave",Phoenix,AZ,85020
adTbcC7JgvzYg7AD_Ga-rg,"Eliana's Restaurant","1627 N 24th St",Phoenix,AZ,85008
aDYj8TDy9NtG6q8GEBD8jA,"Fat Daddy's Down Home Kitchen","3220 East Baseline Rd",Phoenix,AZ,85042
Ae5S7cr7TlRUMLOa6E6f0A,"Los Compadres Mexican Food","4414 N 7th Ave",Phoenix,AZ,85013
AE80fzfVnsyeHiiVhwSGMw,"Deluxburger Express","3588-3964 E Sky Harbor Blvd",Phoenix,AZ,85034
AECN4Vg8mQJ8enFrnoZtqQ,"Jack in the Box","4343 E Camelback Rd",Phoenix,AZ,85018
aEs7Qle2Ah49dwaf3QNU1w,"Dirty Drummer","2303 N 44th St, Ste 8",Phoenix,AZ,85008
AEYNihHmGIjmUciRFo3qwA,"Yin's Chinese Resturant","1950 W Indian School Rd",Phoenix,AZ,85015
AEZjTrJg8r72aYNjniqSNw,"La Reyna Bakery","3519 W McDowell Rd",Phoenix,AZ,85009
AF-N6i0XCJRPFFOZKp1Pnw,KFC,"1843 West Union Hills Dr.",Phoenix,AZ,85027
af4CYXhh5Bz6eDxit7gAcA,"Barbeques Galore","21001 N Tatum Blvd, Ste 10",Phoenix,AZ,85050
Af7BsyzsJi_2qPFu_5tsJg,"Sushi Q","8841 N 19th Ave",Phoenix,AZ,85021
aFqPf3gy0C7SvkB3iklE7g,"Tocasierra Spa and Fitness","7677 N 16th St",Phoenix,AZ,85020
AfRHBRIh4ZuwLeoD2qEbbw,"Aros Grill","1606 E Bell Rd",Phoenix,AZ,85022
AfrPdFZTyQAjnrM0nx9H2w,"Sahara Sweet","8032 N 27th Ave",Phoenix,AZ,85051
AfuYockOIOH9WsDJHRvVlA,"Armando's Mexican Food","3955 E Thomas Rd",Phoenix,AZ,85018
Ag1S9ttGzV0oikz80pRPbA,"Poké Catcher","49 W Thomas Rd",Phoenix,AZ,85013
aGv1dZ52QWpM8W59f9gqhQ,"Echo Sushi","3134 W Carefree Hwy, Ste 8",Phoenix,AZ,85086
agynml6vC-4RxT736DqqtA,"El Bronco Market","6305 W McDowell Rd",Phoenix,AZ,85035
aGZPBbF5JqwbCu4aYXbHYQ,"Restaurante Y Pupuseria Los 3 Hermanos","4426 N 19th Ave",Phoenix,AZ,85015
AheA5X4tjY9Amih0yQ8wIw,"Le Ragazze","1334 E Chandler Ave, Ste 11",Phoenix,AZ,85048
ahfAFuFHO9tfFkoBIkVdmg,"Zabari Mediterranean Grill","3831 E Thunderbird Rd, Ste 3",Phoenix,AZ,85032
aHGMuoyQH_33pVwr0rPsmg,"The DawgFather Grill","4727 N Central Ave",Phoenix,AZ,85012
AhPmh0NaRDbEYyhd9egzLA,"Joyride Taco House","5202 N Central Ave",Phoenix,AZ,85012
aI3CUcnQbjn1jdcl6NfatQ,"China Super Buffet","8801 N 7th St",Phoenix,AZ,85020
AI5xizIh3X5yHzM8EvXb0w,Walgreens,"4006 E Bell Rd",Phoenix,AZ,85032
aIDCm_31--whoSJl4LhEZA,Subway,"4450 E Mcdowell Rd, Ste 115",Phoenix,AZ,85008
aIZQF2UCLv6ru-zsPK4H2Q,"Texas BBQ House","5037 S 24th St",Phoenix,AZ,85040
aJGwNNWwM19OuvAvK4AKZQ,"Epic Hot Dogs",,Phoenix,AZ,85003
aJR1iUWwNVBM692gq7adBA,"The Wok Express","4835 E Greenway Rd",Phoenix,AZ,85034
Ak08F6RqjHYmVCzweBbTrQ,"Wild Thaiger","2631 N Central Ave",Phoenix,AZ,85004
aKFA85Miwb96A0IAS3mRgQ,FEZ,"105 W Portland St",Phoenix,AZ,85003
akhMwlK3WO74eYFlw6f4oA,"Waffle House","5030 W McDowell Rd",Phoenix,AZ,85035
AkKZ8bK9KoRUlAU08X9xrA,Denny's,"3205 E Bell Rd",Phoenix,AZ,85032
aKpFO1C0-1MlirhCffUt-w,"Menuderia Guanajuato","2709 E McDowell Rd",Phoenix,AZ,85008
akySq01rZ2PRBBrafMfLuw,"Arizona Club","201 N Central Ave",Phoenix,AZ,85004
aL6HK8EBNMPUWm3zi8xtew,"Jack in the Box","8951 N 19th Ave",Phoenix,AZ,85021
aLaIaJM9LsETSRPV1pllhg,"Louisiana Fried Chicken","3923 E Thomas Rd, Ste B2",Phoenix,AZ,85018
aLIJSHJfLQuFu3CamjOS2Q,"Rita's Mexican Food","1402 N 35th Ave",Phoenix,AZ,85009
ALn_0f-Usn3n0a9WBcjhhg,Hanny's,"40 N 1st St",Phoenix,AZ,85004
ALonfg58V5r4BOwxiGZcfg,"Daddy O's Grill","4163 W Thunderbird",Phoenix,AZ,85029
ALouXcCfsrnbpNEpO9-Y3A,"The Pizza Buffet","3208 E Bell Rd",Phoenix,AZ,85032
ALwfJk1g56dz8ehgYJNrdg,"Mamma Mia","806 E Indian School Rd",Phoenix,AZ,85014
aM4n0rxb0omPJZj-_q3pbA,Walgreens,"4134 N 44th St",Phoenix,AZ,85018
aMF8cG445ONPRKBsBYqofg,"Breakfast Club- CityScape","2 E Jefferson St",Phoenix,AZ,85004
AMM3qOH9DUQzJHm9Q3vHag,"Red Wok Buffet","3434 E Thomas Rd",Phoenix,AZ,85018
amoV0p-sv-ImiC9meEAPxQ,"Market On The Move","2825 W Rose Canyon Cir",Phoenix,AZ,85086
amuNjN2yc_0HRgbMH5UlKw,"Jade Fine Chinese Dining","34455 N 27 Dr, Ste D 160-162",Phoenix,AZ,85085
AN9sX6Dh8-QAoJssdyno8A,"La Piazza PHX","1 N 1st St, Ste 103",Phoenix,AZ,85004
aNCLPEsrgB_gGwULOpYpqw,Pok-U,"1024 E Buckeye Rd",Phoenix,AZ,85034
ANHCo9X7zu0LdYecc9fk3Q,"La Madeleine Country French Cafe","3800 E Sky Harbor Blvd",Phoenix,AZ,85034
anNJCzaHEGruOM9txX1SFQ,"Hoppin' Jack's","5402 East Lincoln Dr",Phoenix,AZ,85034
aNYunG3j5zNJ4F0dQcZMyQ,Tomaso's,"3225 E Camelback Rd",Phoenix,AZ,85018
AO2ZY9we2ceRQI74cmLUYA,"Burger King","17015 N 7th St",Phoenix,AZ,85022
Ao5E4Ppw0m5CNlRjg3mnjQ,"Grateful Spoon Gelato","4410 N 40th St, Ste 5",Phoenix,AZ,85018
aODHarYXSvEkpCYsq_kfVA,"Cave Creek Chevron","15827 N Cave Creek Rd",Phoenix,AZ,85032
aom8XyA2yJeqDOJQPJCWIA,"Marie Callender's Restaurants & Bakeries","4573 E Cactus Road",Phoenix,AZ,85032
AOuutv1P01CW07qmzpj9vA,"Pita Pit","4910 East Ray Rd, Store G-9",Phoenix,AZ,85044
Ap17p-tA4Ipzy1s35DfCfg,"Buck & Rider","4225 E Camelback Rd",Phoenix,AZ,85018
apdb7MGnmnx6nGWBJ0ch_g,"Copper Star Coffee","4220 N 7th Ave",Phoenix,AZ,85013
ApDQuqBm37kISQ0mulaQoQ,7-Eleven,"19848 N 27th Ave",Phoenix,AZ,85027
ApGoh8IzayBp0bnNZ3WDQQ,"Sugar Jam Cookies","21043 N Cave Creek Rd, Ste A-6",Phoenix,AZ,85024
aPSRMtV2V7MPXi6DU_UlRA,Radish,"915 N Central Ave",Phoenix,AZ,85004
aPXqM0otWirctn5d4HkTNQ,"Imperial Garden Chinese Buffett","1575 E Camelback Rd",Phoenix,AZ,85014
APXWKd1N-COyUdncd_FdyQ,"HEK Yeah BBQ","15044 N Cave Creek Rd, Ste 6",Phoenix,AZ,85032
AqKWtFTREQ_PFSYiIWnBgw,"Kyoto Bowl","702 W Camelback Rd, Ste 1",Phoenix,AZ,85013
aQojV_Rap30A1SB7x31XCQ,Lola,"800 E Camelback Rd",Phoenix,AZ,85014
AqvZ-zcrE-EvcC5o-QOmjg,Shell,"13250 N 7th St",Phoenix,AZ,85022
ar3s7wr7p2IlFxI3SwVuMQ,Smeeks,"2502 E Camelback Rd",Phoenix,AZ,85016
Ar7lMMYZIo1ND3AUzhW-Gw,"Fuel to Fit","1620 S 16th St",Phoenix,AZ,85034
aRRV_ZbRiD65SIi7vAY-iA,"Zest of India","3202 E Greenway Rd, Ste 1617",Phoenix,AZ,85032
AS0DHJWaQTw2C6M1u6nuuA,Subway,"6150 S 35th Ave",Phoenix,AZ,85041
AssSdHSVWbPtN8upTLWFVg,Nixon's,"2501 E Camelback Rd",Phoenix,AZ,85016
atLCqV8RGezSxgLzcM9HaQ,"Tortas Paquime","4344 W Indian School Rd",Phoenix,AZ,85031
ATpYld8anPooG-j2_EU-5Q,"Paradise Bakery","4550 E Cactus Rd",Phoenix,AZ,85032
atqk5izgQJYRCLIb5SEqbg,PikFly,"2702 N 3rd St, Ste 3015",Phoenix,AZ,85004
atSfDP-SLY4GrvBlBPB31Q,"Kim's Chinese Kitchen","3015 E Thomas Rd, Ste 7",Phoenix,AZ,85016
AtZuw9MsU1lTdWo3DJAzWA,"Fired Pie","2170 E Baseline Rd, Ste 134",Phoenix,AZ,85042
auDjameQ8PKA2cIwyI5uQA,Filiberto's,"1727 W Glendale Ave",Phoenix,AZ,85021
AueEbb9kao4lt6CYt06hqw,"Okra Cookhouse & Cocktails","5813 N 7th St",Phoenix,AZ,85014
AUFFJBCh6spwBFJI6SnITg,"Chen Wok Express","8115 N 19th Ave",Phoenix,AZ,85021
AufuW5dGP551XURgXaogQQ,"Water & Ice Cream","802 W. Osborn Rd.",Phoenix,AZ,85013
Auky7_gMsUdB91V0EAgbhA,"Mejico Cocina Mejicana","2333 E Osborn Rd",Phoenix,AZ,85016
AUQgDWex3V3OZHSvtPgYtg,"Green Goddess House of Herbs","4232 N 7th Ave",Phoenix,AZ,85013
AVaebpEiqcB0FxxjeZxDVw,"Safeway Food & Drug","13440 N 7th St",Phoenix,AZ,85022
aVKBmuvdDmEOgOfqaSF_xA,"Happy Food","6701 W Thomas Rd",Phoenix,AZ,85033
avKtXuzalCP_cVfrk-fLeQ,"Brigett's Last Laugh","17222 N Cave Creek Rd",Phoenix,AZ,85032
AVsZE_gMkuBmRLRiqmPqJQ,"City Cafe","411 N Central Ave",Phoenix,AZ,85004
aVvMVhCSNT3d4W37Ue1aUw,"Caffe Daniel","3115 E Lincoln Dr",Phoenix,AZ,85016
aw0H9O1yysoHB0JanT0Ubw,"Chicago Gyros","717 W Union Hills Dr, Ste 1",Phoenix,AZ,85027
AWJhMTYsIYzCIYAIUA-waA,"Romano's Macaroni Grill","21001 N. Tatum Blvd.",Phoenix,AZ,85050
AwmLDzqJ0aMGZTYYoZnxWg,"Hong Kong Kitchen","510 E Baseline Rd, Ste D3",Phoenix,AZ,85042
AWOZ5PCaxW8KWQl0KJhTMA,Subway,"2316 W Bethany Home Rd, Ste 113",Phoenix,AZ,85015
AwrmySGcx7_3piUNRLDf3A,"Jack in the Box","2645 W Carefree Hwy",Phoenix,AZ,85085
aX2yKumIlyMLbDvA4dVbHA,"Tacos Mexico","2333 N 16th St",Phoenix,AZ,85006
aXAp5q8b__mZu7w_ewjLFw,"Ralph's Snack Bar","4501 W Van Buren St",Phoenix,AZ,85043
aXgF2q1ciYIwUS2ULNNCgQ,"White Cup Coffee","3933 E Indian School Rd",Phoenix,AZ,85018
aXiXvy5cBMeb6m2j7WFuzg,"Helio Basin Brewing","3935 E Thomas Rd",Phoenix,AZ,85018
aXRrMXXoAN7lawHICgmsxw,"The Dressing Room","220 E Roosevelt St",Phoenix,AZ,85004
axZSFXdaJ0KE5auPwBllRQ,"Corner Bakery Cafe","454 N 3rd St, Ste 1065",Phoenix,AZ,85004
Ay7SK-nziJ7hnf6V_z6saA,"Nothing Bundt Cakes","4722 E Ray Rd, Ste 14",Phoenix,AZ,85044
ayaDm0WPZB0g0PYbGFkrzA,"Casa Anejo","5600 N 7th St, Ste 100",Phoenix,AZ,85014
aYlZVqlqf8QRd9EW0iRC4w,"Los Armandos","4732 E Thomas Rd",Phoenix,AZ,85018
Ayt0hEO4siFH8h4lsCa4VQ,"Wildflower Bread Company","3800 E Sky Harbor Blvd",Phoenix,AZ,85034
aYyaKWJVJaJ5QSYyRj600A,"Keva Juice","21001 N Tatum Blvd, Ste 1630",Phoenix,AZ,85050
AyZePvrWz73d3B0hafFCKA,"JT's Bar & Grill","4829 E Indian School Rd",Phoenix,AZ,85018
AZQ6eiVqhMalpVL9Bbq6Iw,"Noble Eatery","4525 N 24th St",Phoenix,AZ,85016
aZshH0IfszzZyXkoVLPVuw,"Jimmy John's","10045 W Camelback Rd, Ste 100",Phoenix,AZ,85037
azsUYZWvtr4dDIOJbGCxhw,"The Baker's Daughter",,Phoenix,AZ,85053
AzXrAHkynCzlZVKF7-1uXw,"Taylor Place Cafeteria","120 E Taylor St, Fl 1",Phoenix,AZ,85004
AzYkEcENi7I1DsR2iushEg,"Old Heidelberg German Bakery","2210 E Indian School Rd",Phoenix,AZ,85016
AzZldizu_tF9plrxsj0JGQ,Winestyles,"10625 N Tatum Blvd, Ste D142",Phoenix,AZ,85028
aZ__2-Tm1urpbxF0eQ_gWg,"Twisted Cultures Yogurt Bar","3134 W Carefree Hwy",Phoenix,AZ,85086
a_ai1uMhAqQSYaO_QNmnSw,"Macayo's Mexican Table","7829 W Thomas Rd",Phoenix,AZ,85033
a_E-rLe2zcyX-X4FKhWWRg,"Tacos Maricos Sinaloa","2802 W McDowell Rd",Phoenix,AZ,85009
a_nrM7aMl9vNnT5hYWXR1g,"Babaloos Cuban Cafe","1241 E Chandler Blvd",Phoenix,AZ,85048
B-gmkfNy3SEvAZSxXtWACg,McDonald's,"3202 E Greenway Rd",Phoenix,AZ,85032
b13cN8AKRyNEvyRIjUYthQ,"Shamrock Foods","2540 N 29th Ave",Phoenix,AZ,85003
B198jEItQSF7xQhRADUW6Q,"Taco Bell","2601 North 44th Street",Phoenix,AZ,85008
B1jlDEUrVyPgR4vOMnaiKQ,"12th Fairway Bar & Grill","4000 E Sky Harbor Blvd",Phoenix,AZ,85034
b1m_PK-ggGR3CmBjdIyqkQ,"Wrights at The Arizona Biltmore","2400 E Missouri Ave",Phoenix,AZ,85016
b207RNqIAhTd4JsRsnXB1Q,"Los Dos Molinos","1044 E Camelback",Phoenix,AZ,85014
b2E_ahQNhMBu7soQIG2Gow,"The Local","1011 N 3rd St",Phoenix,AZ,85004
b5bkY8fj3Q8LL2jdMFDUBg,"Bikini Beans Espresso","2330 N 7th St",Phoenix,AZ,85006
B5dmB_laS8b5FVWaO9jQ6w,"Sergio El Pollo Feliz","6241 S 7th St",Phoenix,AZ,85042
b5epWgPoVcXoMJdCCzFMUw,"Cafe Zupas","1935 E Camelback Rd",Phoenix,AZ,85016
b5kC2XepQ1-6qCDpvtoxxA,"Taco Bell","4035 N 7th Ave",Phoenix,AZ,85013
b5OTjiOjEg_UkmObTVnf2A,Schlotzsky's,"4445 East Thomas Rd",Phoenix,AZ,85018
B7G_2Hx8Rx8l6oQ6K3n5Uw,"Sauce Pizza and Wine","742 E Glendale Ave",Phoenix,AZ,85020
b83NNHvvWQk-DTTzs-3WLA,"Which Wich","10810 N Tatum Blvd, Ste148",Phoenix,AZ,85028
b8DfOKbnVqw20yWBpHwTnA,"Virginia Market","702 E Virginia Ave",Phoenix,AZ,85006
B8y-FpC2lqNxd8xI7EJzlg,"Bacchanal Ristorante","3015 E Thomas Rd",Phoenix,AZ,85016
B943S8XGbuKWopCAoDxJZw,Subway,"1945 W Dunlap Ave, Ste 7",Phoenix,AZ,85021
B9E9X8mm_k2Ry-lHx9wEDw,"Paradise Bakery","10625 N Tatum Blvd",Phoenix,AZ,85028
b9kQOV8VK_ecGYVoIQiHrg,Macayo's,"401 E Jefferson St",Phoenix,AZ,85004
B9xUHu7CtjkpMv3549NY8w,Yogurtlicious,"3134 W Carefree Hwy, Ste A8",Phoenix,AZ,85073
BA2tYMpTHR3i7X-6qtcWaw,"Tea Light Cafe","7000 E Mayo Blvd, Ste 1084",Phoenix,AZ,85054
BAbRAGFnht4BM0QG_OM1Og,"Grandpa's Pizza","7333 W Thomas Rd",Phoenix,AZ,85033
baIT89GubjGJV1mpn82Eeg,Liyuen,"1602 S 7th Ave",Phoenix,AZ,85007
BAJTueyZYX91qWtMzFI2cw,"Aloha Poki Company","15425 S 48th St, Ste 116",Phoenix,AZ,85044
BaVtTt9pBoI8rrN35tsj_g,"Olive Garden Italian Restaurant","2710 W North Ln",Phoenix,AZ,85021
BB7Zk7p76N029MoOkO4FZQ,"Peter Wong Chinese Restaurant","1534 W Camelback Rd",Phoenix,AZ,85015
BbL4dqcfogPoqI5XZbdULw,"Grate Roots",,Phoenix,AZ,
bBM6OguT_lLYSlq4NaMuzw,"Papa Murphy's","3230 E Union Hills Phoenix",Phoenix,AZ,85050
bbMJNMWjd7n2ztcE79ZwfQ,"The Blue Moon","2911 E Van Buren St",Phoenix,AZ,85008
BBTkC1Z3ZnEE916SkCONIg,GreenMix,"2160 E Baseline Rd, Ste 128",Phoenix,AZ,85042
bBxctA7YVbZgpExmsVK7tg,"The Mix Up Bar","5200 E Camelback Rd",Phoenix,AZ,85018
bc-ODWDxA-CViK8Sho8-Og,"Del Taco","15229 N 35th Ave",Phoenix,AZ,85053
BC2ZUxbSmQV6LZMS2rhw-g,"Paz Cantina Food Truck",,Phoenix,AZ,85004
bCp4qpBzL_chlJtHbiVF5Q,"Tortas El Manantial","5950 W McDowell Rd, Ste 101",Phoenix,AZ,85035
BcrTHaJULDlB1XuW4RIb_Q,"Kyoto Bowl","2910 N 32nd St, Ste 160",Phoenix,AZ,85018
BDV4499NWVKQgQQ5FjPd8w,"Dragonfly Tea Company","5812 N 16th St",Phoenix,AZ,85016
beqqBCKM_4aRPmRzCfk2xA,"Hikari Uni Sushi","6544 W Thomas Rd, Ste 28",Phoenix,AZ,85033
bEv2oci0MMyb3RKwOiYYhw,"Del Taco","4101 N 67th Ave",Phoenix,AZ,85033
bEZalv7kVGhiCd0WK4uFSw,"La Salsita's Mexican Food","2345 E Van Buren St",Phoenix,AZ,85006
bFdXX34Ql59hmeuApRBmLg,"Burger King","620 E Carefree Hwy",Phoenix,AZ,85085
bFFqpUl8Ix7CYPem9CxpFg,"Sakura Sushi & Steakhouse","7000 E Mayo Blvd, Ste 1090",Phoenix,AZ,85054
bFW8NsKCPjihVfzV53hLyQ,"Jack in the Box","2520 W Glendale Ave",Phoenix,AZ,85051
bgBCvYf7wM2HdbzLad897A,Sticklers,"30 N 3rd Ave",Phoenix,AZ,85003
BgthHqiXot2s4Sd_xcI6DQ,"Pita Jungle","4340 E Indian School Rd",Phoenix,AZ,85018
bgwbuh4gS6bF7Ab1xFgYWA,"Blue Devil Hood Cleaning",,Phoenix,AZ,85201
BG_l5Fp-aBOAxudpl6wStQ,"Jimmy John's","3317 E Bell Rd",Phoenix,AZ,85032
bH3xVTnb_5w6k7ILK82Kaw,McDonalds,"3501 W Bethany Home Rd",Phoenix,AZ,85019
BHAIidO5o16UpCNY3qTICw,"Pizza Hut","1520 N 43rd Ave",Phoenix,AZ,85009
bHqJQxPF-VL95tjAUYtK6w,"Streets of New York","7810 N 12th St",Phoenix,AZ,85020
BHuvNbEh9VsaPPBnk4CosQ,"Dunkin' Donuts","2131 E Camelback Rd, Ste 100",Phoenix,AZ,85016
